Cluster Name,Filenames,Count,Round 1 Rating,Round 2 Rating,Round 3 Rating,Final Score
a_alm_h,"ev_a_alm_h1.png, ev_a_alm_h2.png, ev_a_alm_h3.png, ev_a_alm_h1a.png, ev_a_alm_h2a.png, ev_a_alm_h3a.png, ev_a_alm_ct01.png, ev_a_alm_ct02.png, ev_a_alm_ct03.png",9,,,,
a_emp_ha,"ev_a_emp_ha1.png, ev_a_emp_ha2.png, ev_a_emp_ha3.png, ev_a_emp_ha4.png, ev_a_emp_ha1a.png, ev_a_emp_ha2a.png, ev_a_emp_ha3a.png",7,,,,
a_emp_hb,"ev_a_emp_hb1.png, ev_a_emp_hb2.png, ev_a_emp_hb3.png, ev_a_emp_hb4.png, ev_a_emp_hb1a.png, ev_a_emp_hb2a.png, ev_a_emp_hb3a.png, ev_a_emp_hb4a.png",8,,,,
a_emp_hc1,"ev_a_emp_hc01.png, ev_a_emp_hc02.png, ev_a_emp_hc03.png, ev_a_emp_hc04.png, ev_a_emp_hc05.png, ev_a_emp_hc06.png, ev_a_emp_hc07.png",7,,,,
a_emp_hc2,"ev_a_emp_hc08.png, ev_a_emp_hc09.png, ev_a_emp_hc10.png, ev_a_emp_hc11.png, ev_a_emp_hc12.png, ev_a_emp_hc13.png",6,,,,
a_emp_hc3,"ev_a_emp_hc14.png, ev_a_emp_hc15.png, ev_a_emp_hc16.png, ev_a_emp_hc17.png",4,,,,
a_looty_h,"ev_a_looty_h1.png, ev_a_looty_h2.png, ev_a_looty_h3.png, ev_a_looty_h4.png, ev_a_looty_h1a.png, ev_a_looty_h2a.png, ev_a_looty_h3a.png",7,3,,,3
a_mash_ha,"ev_a_mash_ha1.png, ev_a_mash_ha2.png",2,,,,
a_mash_hb,"ev_a_mash_hb1.png, ev_a_mash_hb2.png, ev_a_mash_hb3.png, ev_a_mash_hb4.png, ev_a_mash_hb5.png, ev_a_mash_hb6.png",6,3,,,3
a_parasol_h,"ev_a_parasol_h1.png, ev_a_parasol_h2.png, ev_a_parasol_h3.png, ev_a_parasol_h4.png, ev_a_parasol_h1a.png, ev_a_parasol_h2a.png",6,,,,
a_prison_h,"ev_a_prison_h1.png, ev_a_prison_ct01.png, ev_a_prison_ct02.png, ev_a_prison_ct03.png, ev_a_prison_ct04.png, ev_a_prison_ct05.png",6,,,,
a_pterix_ha,"ev_a_pterix_ha1.png, ev_a_pterix_ha2.png",2,,,,
a_pterix_hb,"ev_a_pterix_hb1.png, ev_a_pterix_hb2.png, ev_a_pterix_hb3.png, ev_a_pterix_hb4.png, ev_a_pterix_hb5.png, ev_a_pterix_hb6.png, ev_a_pterix_hb7.png, ev_a_pterix_hb8.png",8,,,,
a_vore_ha,"ev_a_vore_h4.png, ev_a_vore_ct11.png, ev_a_vore_ct12.png, ev_a_vore_ct13.png, ev_a_vore_ct14.png, ev_a_vore_ct15.png",6,,,,
a_vore_hb,"ev_a_vore_h1a.png, ev_a_vore_h2a.png, ev_a_vore_h3a.png, ev_a_vore_h1.png, ev_a_vore_h2.png, ev_a_vore_h3.png, ev_a_vore_ct01.png, ev_a_vore_ct02.png, ev_a_vore_ct03.png, ev_a_vore_ct04.png, ev_a_vore_ct05.png",11,,,,
abaddon_ha,"ev_abaddon_ha1.png, ev_abaddon_ha2.png, ev_abaddon_ha3.png, ev_abaddon_ha4.png, ev_abaddon_ha5.png, ev_abaddon_ha6.png, ev_abaddon_ha7.png, ev_abaddon_ha8.png, ev_abaddon_ha9.png",9,,,,
abaddon_hb,"ev_abaddon_hb1.png, ev_abaddon_hb2.png",2,,,,
abis_h,"ev_abis_h1.png, ev_abis_h2.png, ev_abis_h3.png, ev_abis_h4.png, ev_abis_h5.png",5,,,,
AD-5_h,"ev_AD-5_h1.png, ev_AD-5_h2.png, ev_AD-5_h3.png, ev_AD-5_h4.png, ev_AD-5_h5.png, ev_AD-5_ct01.png, ev_AD-5_ct02.png, ev_AD-5_ct03.png, ev_AD-5_ct04.png",9,,,,
adramelek_ha,"ev_adramelek_ha01.png, ev_adramelek_ha02.png, ev_adramelek_ha03.png, ev_adramelek_ha04.png, ev_adramelek_ha05.png, ev_adramelek_ha06.png, ev_adramelek_ha07.png, ev_adramelek_ha08.png, ev_adramelek_ha09.png, ev_adramelek_ha10.png, ev_adramelek_ha11.png, ev_adramelek_ha12.png, ev_adramelek_ha13.png, ev_adramelek_ha14.png, ev_adramelek_ha15.png, ev_adramelek_ha16.png, ev_adramelek_ha17.png, ev_adramelek_ha18.png, ev_adramelek_ha19.png, ev_adramelek_ha20.png, ev_adramelek_ha21.png",21,,,,
adramelek_hb,"ev_adramelek_hb01.png, ev_adramelek_hb02.png, ev_adramelek_hb03.png, ev_adramelek_hb04.png, ev_adramelek_hb05.png, ev_adramelek_hb06.png, ev_adramelek_hb07.png, ev_adramelek_hb08.png, ev_adramelek_hb09.png, ev_adramelek_hb10.png, ev_adramelek_hb11.png",11,,,,
agaliarept_ha,"ev_agaliarept_ha01.png, ev_agaliarept_ha02.png, ev_agaliarept_ha03.png, ev_agaliarept_ha04.png, ev_agaliarept_ha05.png, ev_agaliarept_ha06.png, ev_agaliarept_ha07.png, ev_agaliarept_ha08.png, ev_agaliarept_ha09.png, ev_agaliarept_ha10.png, ev_agaliarept_ha11.png",11,,,,
agaliarept_hc,"ev_agaliarept_hc01.png, ev_agaliarept_hc02.png, ev_agaliarept_hc03.png, ev_agaliarept_hc04.png, ev_agaliarept_hc05.png, ev_agaliarept_hc06.png, ev_agaliarept_hc07.png, ev_agaliarept_hc08.png, ev_agaliarept_hc09.png, ev_agaliarept_hc10.png, ev_agaliarept_hc11.png, ev_agaliarept_hc12.png, ev_agaliarept_hc13.png, ev_agaliarept_hc14.png, ev_agaliarept_hc15.png, ev_agaliarept_hc16.png, ev_agaliarept_hc17.png, ev_agaliarept_hc18.png, ev_agaliarept_hc19.png",19,,,,
ageha_ha,"ev_ageha_ha1.png, ev_ageha_ha2.png, ev_ageha_ha3.png, ev_ageha_ha4.png",4,,,,
agrave_ha,"ev_agrave_ha1.png, ev_agrave_ha2.png, ev_agrave_ha3.png, ev_agrave_ha4.png, ev_agrave_hb1.png, ev_agrave_hb2.png, ev_agrave_hb3.png, ev_agrave_hb4.png, ev_agrave_hc1.png, ev_agrave_hc2.png, ev_agrave_hc3.png, ev_agrave_hc4.png, ev_agrave_hd1.png, ev_agrave_hd2.png, ev_agrave_hd3.png, ev_agrave_hd4.png, ev_agrave_hd5.png",17,,,,
agrave_he,"ev_agrave_he1.png, ev_agrave_he2.png, ev_agrave_he3.png, ev_agrave_he4.png, ev_agrave_he5.png",5,,,,
aguni._hb,"ev_aguni._hb1.png, ev_aguni._hb2.png, ev_aguni._hb3.png, ev_aguni._hb4.png, ev_aguni._hb5.png",5,,,,
aguni._hc,"ev_aguni._hc1.png, ev_aguni._hc2.png, ev_aguni._hc3.png, ev_aguni._hc4.png, ev_aguni._hc5.png",5,,,,
akaname_ct,"ev_akaname_ct01.png, ev_akaname_ct02.png, ev_akaname_ct11.png, ev_akaname_ct12.png, ev_akaname_ct21.png, ev_akaname_ct22.png, ev_akaname_ct31.png, ev_akaname_ct32.png, ev_akaname_ct41.png",9,,,,
akaname_h,"ev_akaname_h1.png, ev_akaname_h2.png, ev_akaname_h3.png, ev_akaname_h4.png, ev_akaname_h5.png, ev_akaname_h6.png, ev_akaname_h7.png, ev_akaname_h8.png, ev_akaname_h9.png",9,,,,
alakneload_ha,"ev_alakneload_ha1.png, ev_alakneload_ha2.png, ev_alakneload_ha3.png, ev_alakneload_ha4.png, ev_alakneload_ha5.png, ev_alakneload_ha6.png, ev_alakneload_ha7.png, ev_alakneload_ha8.png",8,,,,
alakneload_hb,"ev_alakneload_hb1.png, ev_alakneload_hb2.png, ev_alakneload_hb3.png, ev_alakneload_hb4.png, ev_alakneload_hb5.png",5,,,,
alakneload_hc,"ev_alakneload_hc1.png, ev_alakneload_hc2.png, ev_alakneload_hc3.png, ev_alakneload_ct01.png, ev_alakneload_ct02.png, ev_alakneload_ct03.png, ev_alakneload_ct04.png, ev_alakneload_ct05.png",8,,,,
algemini_h,"ev_algemini_h01.png, ev_algemini_h02.png, ev_algemini_h03.png, ev_algemini_h04.png, ev_algemini_h05.png, ev_algemini_h06.png, ev_algemini_h07.png, ev_algemini_h08.png, ev_algemini_h09.png, ev_algemini_h10.png, ev_algemini_h11.png, ev_algemini_h12.png, ev_algemini_ct01.png, ev_algemini_ct02.png, ev_algemini_ct03.png, ev_algemini_ct11.png, ev_algemini_ct12.png, ev_algemini_ct13.png, ev_algemini_ct21.png, ev_algemini_ct22.png, ev_algemini_ct23.png, ev_algemini_ct31.png, ev_algemini_ct32.png, ev_algemini_ct33.png, ev_algemini_ct41.png, ev_algemini_ct42.png, ev_algemini_ct43.png, ev_algemini_ct51.png, ev_algemini_ct52.png, ev_algemini_ct53.png, ev_algemini_ct61.png, ev_algemini_ct62.png, ev_algemini_ct63.png",33,,,,
alice_H12,"ev_alice_ct01.png, ev_alice_ct02.png, ev_alice_ct03.png, ev_alice_ct04.png, ev_alice_H12_1.png, ev_alice_H12_2.png, ev_alice_H12_3.png",7,,,,
alice_H01,"ev_alice_h01_1.png, ev_alice_h01_2.png, ev_alice_h01_3.png, ev_alice_h01_4.png",4,,,,
alice_H10,"ev_alice_H10_1.png, ev_alice_H10_2.png, ev_alice_H10_3.png, ev_alice_H10_4.png, ev_alice_H10_5.png, ev_alice_H10_6.png, ev_alice_H10_7.png, ev_alice_H10_8.png, ev_alice_H10_9.png",9,,,,
alice_H02,"ev_alice_h02_1.png, ev_alice_h02_2.png, ev_alice_h02_3.png, ev_alice_h02_4.png, ev_alice_h02_5.png",5,,,,
alice_H03,"ev_alice_h03_1.png",1,,,,
alice_H04,"ev_alice_h04_1.png, ev_alice_h04_2.png, ev_alice_h04_3.png, ev_alice_h04_4.png",4,,,,
alice_H05,"ev_alice_h05_1.png, ev_alice_h05_2.png, ev_alice_h05_3.png, ev_alice_h05_4.png",4,,,,
alice_H11,"ev_alice_H11_1.png, ev_alice_H11_2.png, ev_alice_H11_3.png, ev_alice_H11_4.png, ev_alice_H11_5.png",5,,,,
alice_H13,"ev_alice_H13_1.png, ev_alice_H13_2.png, ev_alice_H13_3.png, ev_alice_H13_4.png",4,,,,
alice_H14,"ev_alice_H14_1.png, ev_alice_H14_2.png, ev_alice_H14_3.png, ev_alice_H14_4.png, ev_alice_H14_5.png, ev_alice_H14_6.png, ev_alice_H14_7.png",7,,,,
alice_H06,"ev_alice_H06_1r.png, ev_alice_H06_2r.png, ev_alice_H06_3r.png, ev_alice_H06_4r.png, ev_alice_H06_5r.png, ev_alice_H06_6r.png, ev_alice_H06_7r.png",7,,,,
alice_H07,"ev_alice_H07_1r.png, ev_alice_H07_2r.png, ev_alice_H07_3r.png, ev_alice_H07_4r.png, ev_alice_H07_5r.png",5,,,,
alice_H08,"ev_alice_H08_1r.png, ev_alice_H08_2r.png, ev_alice_H08_3r.png, ev_alice_H08_4r.png",4,,,,
alice_H09,"ev_alice_H09_1r.png, ev_alice_H09_2r.png, ev_alice_H09_3r.png, ev_alice_H09_4r.png",4,,,,
alice0_ha,"ev_alice0_ha1.png, ev_alice0_ha2.png",2,,,,
alice0_hd,"ev_alice0_hd01.png, ev_alice0_hd02.png, ev_alice0_hd03.png, ev_alice0_hd04.png, ev_alice0_hd05.png, ev_alice0_hd06.png, ev_alice0_hd07.png, ev_alice0_hd08.png, ev_alice0_hd09.png, ev_alice0_hd10.png, ev_alice0_hd11.png, ev_alice0_hd12.png, ev_alice0_hd13.png, ev_alice0_hd14.png",14,,,,
alice0_he,"ev_alice0_he1.png, ev_alice0_he2.png, ev_alice0_he3.png, ev_alice0_he4.png",4,,,,
alice10th_h1,"ev_alice10th_h01.png, ev_alice10th_h02.png, ev_alice10th_h03.png",3,,,,
alice10th_h2,"ev_alice10th_h04.png, ev_alice10th_h05.png, ev_alice10th_h06.png, ev_alice10th_h07.png, ev_alice10th_h08.png, ev_alice10th_h09.png",6,,,,
alice11th12th_h1,"ev_alice11th12th_h01.png, ev_alice11th12th_h02.png, ev_alice11th12th_h03.png, ev_alice11th12th_h04.png, ev_alice11th12th_h05.png, ev_alice11th12th_h06.png, ev_alice11th12th_h07.png, ev_alice11th12th_h08.png, ev_alice11th12th_h09.png, ev_alice11th12th_h10.png, ev_alice11th12th_h11.png",11,,,,
alice11th12th_h2,"ev_alice11th12th_h12.png, ev_alice11th12th_h13.png, ev_alice11th12th_h14.png, ev_alice11th12th_h15.png, ev_alice11th12th_h16.png, ev_alice11th12th_h17.png",6,,,,
alice13th_h1,"ev_alice13th_h01.png, ev_alice13th_h18.png, ev_alice13th_h19.png, ev_alice13th_h20.png, ev_alice13th_h21.png, ev_alice13th_h22.png, ev_alice13th_h23.png, ev_alice13th_h24.png, ev_alice13th_h25.png, ev_alice13th_h26.png, ev_alice13th_h27.png, ev_alice13th_h28.png, ev_alice13th_h29.png, ev_alice13th_h30.png, ev_alice13th_h31.png, ev_alice13th_h32.png",16,6,,,6
alice13th_h2,"ev_alice13th_h08.png, ev_alice13th_h09.png, ev_alice13th_h10.png, ev_alice13th_h11.png, ev_alice13th_h12.png, ev_alice13th_h13.png, ev_alice13th_h14.png, ev_alice13th_h15.png, ev_alice13th_h16.png, ev_alice13th_h17.png",10,,,,
alice14th_h1,"ev_alice14th_h01.png, ev_alice14th_h02.png, ev_alice14th_h03.png, ev_alice14th_h04.png, ev_alice14th_h05.png",5,,,,
alice14th_h2,"ev_alice14th_h06.png, ev_alice14th_h07.png, ev_alice14th_h08.png, ev_alice14th_h01.png, ev_alice14th_h02.png, ev_alice14th_h03.png",6,,,,
alice14th_h3,"ev_alice14th_h09.png, ev_alice14th_h10.png, ev_alice14th_h11.png, ev_alice14th_h12.png, ev_alice14th_h13.png, ev_alice14th_h14.png, ev_alice14th_h15.png, ev_alice14th_h16.png",8,,,,
alice14th_h4,"ev_alice14th_h17.png, ev_alice14th_h18.png, ev_alice14th_h19.png, ev_alice14th_h20.png",4,,,,
alice14th_h5,"ev_alice14th_h21.png, ev_alice14th_h22.png, ev_alice14th_h23.png, ev_alice14th_h24.png, ev_alice14th_h25.png, ev_alice14th_h26.png, ev_alice14th_h27.png, ev_alice14th_h28.png, ev_alice14th_h29.png",9,,,,
alice15th_ha,"ev_alice15th_ha01.png, ev_alice15th_ha02.png, ev_alice15th_ha03.png, ev_alice15th_ha04.png, ev_alice15th_ha05.png, ev_alice15th_ha06.png, ev_alice15th_ha07.png, ev_alice15th_ha08.png, ev_alice15th_ha09.png, ev_alice15th_ha10.png",10,,,,
alice15th_hc,"ev_alice15th_hc0.png, ev_alice15th_hc1.png, ev_alice15th_hc2.png, ev_alice15th_hc3.png, ev_alice15th_hc4.png",5,,,,
alice15th_hd,"ev_alice15th_hd17.png, ev_alice15th_hd18.png, ev_alice15th_hd19.png, ev_alice15th_hd20.png, ev_alice15th_hd21.png, ev_alice15th_hd22.png, ev_alice15th_hd23.png, ev_alice15th_hd24.png, ev_alice15th_hd25.png, ev_alice15th_hd26.png, ev_alice15th_hd27.png",11,,,,
alice3th_h1,"ev_alice3th_h01.png, ev_alice3th_h02.png, ev_alice3th_h03.png, ev_alice3th_h04.png",4,,,,
alice3th_h2,"ev_alice3th_h05.png, ev_alice3th_h06.png, ev_alice3th_h07.png, ev_alice3th_h08.png, ev_alice3th_h09.png",5,,,,
alice3th_h3,"ev_alice3th_h15.png, ev_alice3th_h16.png, ev_alice3th_h17.png, ev_alice3th_h18.png, ev_alice3th_h19.png, ev_alice3th_h20.png, ev_alice3th_h21.png, ev_alice3th_h22.png",8,,,,
alice4th_h1,"ev_alice4th_h01.png, ev_alice4th_h02.png, ev_alice4th_h03.png, ev_alice4th_h04.png, ev_alice4th_h05.png, ev_alice4th_h06.png, ev_alice4th_h07.png, ev_alice4th_h08.png, ev_alice4th_h09.png",9,,,,
alice4th_h2,"ev_alice4th_h10.png, ev_alice4th_h11.png, ev_alice4th_h12.png, ev_alice4th_h13.png, ev_alice4th_h14.png",5,,,,
alice4thb_h,"ev_alice4thb_h01.png, ev_alice4thb_h02.png, ev_alice4thb_h03.png, ev_alice4thb_h04.png, ev_alice4thb_h05.png, ev_alice4thb_h06.png, ev_alice4thb_h07.png, ev_alice4thb_h08.png, ev_alice4thb_h09.png, ev_alice4thb_h10.png, ev_alice4thb_h11.png, ev_alice4thb_h12.png, ev_alice4thb_h13.png, ev_alice4thb_h14.png, ev_alice4thb_h15.png",15,,,,
alice5th_h1,"ev_alice5th_h01.png, ev_alice5th_h02.png, ev_alice5th_h03.png, ev_alice5th_h04.png, ev_alice5th_h05.png, ev_alice5th_h06.png",6,,,,
alice5th_h2,"ev_alice5th_h07.png, ev_alice5th_h08.png, ev_alice5th_h09.png, ev_alice5th_h10.png",4,,,,
alice5th_h3,"ev_alice5th_h11.png, ev_alice5th_h12.png",2,,,,
alice6th_h,"ev_alice6th_h01.png, ev_alice6th_h02.png, ev_alice6th_h03.png, ev_alice6th_h04.png, ev_alice6th_h05.png, ev_alice6th_h06.png, ev_alice6th_h07.png, ev_alice6th_h08.png, ev_alice6th_h09.png, ev_alice6th_h10.png, ev_alice6th_h11.png, ev_alice6th_h12.png, ev_alice6th_h13.png, ev_alice6th_h14.png",14,,,,
alice7th_h1,"ev_alice7th_h01.png, ev_alice7th_h02.png, ev_alice7th_h03.png, ev_alice7th_h04.png, ev_alice7th_h05.png, ev_alice7th_h06.png",6,,,,
alice7th_h2,"ev_alice7th_h07.png, ev_alice7th_h08.png, ev_alice7th_h09.png, ev_alice7th_h10.png, ev_alice7th_h11.png, ev_alice7th_h12.png",6,,,,
alice8th_ha,"ev_alice8th_ha1.png, ev_alice8th_ha2.png, ev_alice8th_ha3.png, ev_alice8th_ha4.png, ev_alice8th_ha5.png, ev_alice8th_ha6.png, ev_alice8th_ha7.png, ev_alice8th_ha8.png, ev_alice8th_ha9.png",9,,,,
alice8th_hb,"ev_alice8th_hb1.png, ev_alice8th_hb2.png, ev_alice8th_hb3.png, ev_alice8th_hb4.png, ev_alice8th_hb5.png, ev_alice8th_hb6.png",6,,,,
alice8th2_ct,"ev_alice8th2_ct01.png, ev_alice8th2_ct02.png, ev_alice8th2_ct03.png, ev_alice8th2_st21.png, ev_alice8th2_st22.png, ev_alice8th2_st23.png, ev_alice8th2_st24.png, ev_alice8th2_st25.png, ev_alice8th2_st26.png",9,,,,
alice8th2_h,"ev_alice8th2_h1.png, ev_alice8th2_h2.png, ev_alice8th2_h3.png, ev_alice8th2_h4.png, ev_alice8th2_h5.png",5,,,,
alice8th3_h,"ev_alice8th3_h1.png, ev_alice8th3_h2.png, ev_alice8th3_h3.png, ev_alice8th3_h4.png",4,,,,
alice8th3_st,"ev_alice8th3_st11.png, ev_alice8th3_st12.png",2,,,,
alice8th4_ha,"ev_alice8th4_ha1.png, ev_alice8th4_ha2.png, ev_alice8th4_ha3.png, ev_alice8th4_ha4.png, ev_alice8th4_h1.png",5,,,,
alice8th4_hb,"ev_alice8th4_hb1.png, ev_alice8th4_hb2.png, ev_alice8th4_hb3.png, ev_alice8th4_hb4.png, ev_alice8th4_hb5.png, ev_alice8th4_ct21.png, ev_alice8th4_ct22.png, ev_alice8th4_ct23.png, ev_alice8th4_ct24.png, ev_alice8th4_ct25.png",10,,,,
alice8th4_hc,"ev_alice8th4_hc1.png, ev_alice8th4_hc2.png, ev_alice8th4_hc3.png, ev_alice8th4_hc4.png, ev_alice8th4_hc5.png, ev_alice8th4_ct31.png, ev_alice8th4_ct32.png, ev_alice8th4_ct33.png, ev_alice8th4_ct34.png, ev_alice8th4_ct35.png",10,,,,
alice8th4_hd,"ev_alice8th4_hd1.png, ev_alice8th4_hd2.png, ev_alice8th4_hd3.png, ev_alice8th4_hd4.png, ev_alice8th4_hd5.png, ev_alice8th4_hd6.png, ev_alice8th4_ct41.png",7,,,,
alice8th4_he,"ev_alice8th4_he1.png, ev_alice8th4_he2.png, ev_alice8th4_he3.png, ev_alice8th4_he4.png, ev_alice8th4_he5.png, ev_alice8th4_ct51.png, ev_alice8th4_ct52.png, ev_alice8th4_ct53.png, ev_alice8th4_ct54.png",9,,,,
alice8th4_hf,"ev_alice8th4_hf1.png, ev_alice8th4_hf2.png, ev_alice8th4_hf3.png, ev_alice8th4_hf4.png",4,,,,
alice8th4_hg,"ev_alice8th4_hg1.png, ev_alice8th4_hg2.png, ev_alice8th4_hg3.png, ev_alice8th4_hg4.png",4,,,,
alice8th4_hh,"ev_alice8th4_hh1.png, ev_alice8th4_hh2.png, ev_alice8th4_hh3.png, ev_alice8th4_hh4.png, ev_alice8th4_hh5.png",5,,,,
alice8th5_h,"ev_alice8th5_h1.png, ev_alice8th5_h2.png, ev_alice8th5_h3.png, ev_alice8th5_h4.png, ev_alice8th5_h5.png, ev_alice8th5_h6.png, ev_alice8th5_h7.png, ev_alice8th5_h8.png",8,,,,
alice8thx_ha,"ev_alice8thx_ha1.png, ev_alice8thx_ha10.png, ev_alice8thx_ha2.png, ev_alice8thx_ha3.png, ev_alice8thx_ha4.png, ev_alice8thx_ha5.png, ev_alice8thx_ha6.png, ev_alice8thx_ha7.png, ev_alice8thx_ha8.png, ev_alice8thx_ha9.png",10,,,,
alice8thx_hb,"ev_alice8thx_hb1.png, ev_alice8thx_hb2.png, ev_alice8thx_hb3.png, ev_alice8thx_hb4.png, ev_alice8thx_hb5.png, ev_alice8thx_hb6.png, ev_alice8thx_hb7.png, ev_alice8thx_hb8.png",8,,,,
alice8thx_hc,"ev_alice8thx_hc1.png, ev_alice8thx_hc2.png, ev_alice8thx_hc3.png, ev_alice8thx_hc4.png, ev_alice8thx_hc5.png, ev_alice8thx_hc6.png",6,,,,
alice8thx_hd,"ev_alice8thx_hd01.png, ev_alice8thx_hd02.png, ev_alice8thx_hd03.png, ev_alice8thx_hd04.png, ev_alice8thx_hd05.png, ev_alice8thx_hd06.png, ev_alice8thx_hd07.png, ev_alice8thx_hd08.png, ev_alice8thx_hd09.png, ev_alice8thx_hd10.png",10,,,,
alice8thx_he,"ev_alice8thx_he1.png, ev_alice8thx_he2.png, ev_alice8thx_he3.png, ev_alice8thx_he4.png, ev_alice8thx_he5.png, ev_alice8thx_he6.png, ev_alice8thx_he7.png, ev_alice8thx_he8.png",8,3,,,3
alice9th_h1,"ev_alice9th_h01.png, ev_alice9th_h02.png, ev_alice9th_h03.png, ev_alice9th_h04.png",4,,,,
alice9th_h2,"ev_alice9th_h05.png, ev_alice9th_h06.png, ev_alice9th_h07.png, ev_alice9th_h08.png",4,,,,
alice9th_h3,"ev_alice9th_h09.png, ev_alice9th_h10.png, ev_alice9th_h11.png, ev_alice9th_h12.png, ev_alice9th_h13.png",5,,,,
alicetromeria_h,"ev_alicetromeria_h1.png, ev_alicetromeria_h2.png, ev_alicetromeria_h3.png, ev_alicetromeria_h4.png, ev_alicetromeria_h5.png",5,,,,
alraune_ct,"ev_alraune_ct01.png, ev_alraune_ct02.png, ev_alraune_ct03.png",3,,,,
alraune_h,"ev_alraune_h1.png, ev_alraune_h2.png, ev_alraune_h3.png, ev_alraune_h4.png, ev_alraune_h5.png, ev_alraune_h6.png",6,,,,
amabie_ha,"ev_amabie_ha1.png, ev_amabie_ha2.png, ev_amabie_ha3.png, ev_amabie_ha4.png, ev_amabie_ha5.png, ev_amabie_ha6.png",6,2,,,2
amabie_hb,"ev_amabie_hb1.png, ev_amabie_hb2.png, ev_amabie_hb3.png, ev_amabie_hb4.png",4,,,,
amazoneself_h,"ev_amazoneself_h1.png, ev_amazoneself_h2.png, ev_amazoneself_h3.png",3,,,,
ambrosia_ha,"ev_ambrosia_ha1.png, ev_ambrosia_ha2.png, ev_ambrosia_ha3.png, ev_ambrosia_ha4.png, ev_ambrosia_ha5.png",5,,,,
amnario_ha,"ev_amnario_ha01.png, ev_amnario_ha02.png, ev_amnario_ha03.png, ev_amnario_ha04.png, ev_amnario_ha05.png, ev_amnario_ha06.png, ev_amnario_ha07.png, ev_amnario_ha08.png, ev_amnario_ha09.png, ev_amnario_ha10.png, ev_amnario_ha11.png, ev_amnario_ct01.png, ev_amnario_ct02.png, ev_amnario_ct03.png",14,,,,
amnario_hb,"ev_amnario_hb01.png, ev_amnario_hb02.png, ev_amnario_hb03.png, ev_amnario_hb04.png, ev_amnario_hb05.png, ev_amnario_hb06.png, ev_amnario_hb07.png, ev_amnario_hb08.png, ev_amnario_hb09.png",9,,,,
amoldoll_ha,"ev_amoldoll_ha1.png, ev_amoldoll_ha2.png, ev_amoldoll_ha3.png, ev_amoldoll_ha4.png, ev_amoldoll_ha5.png, ev_amoldoll_ha6.png",6,,,,
amoldoll_hb,"ev_amoldoll_hb1.png, ev_amoldoll_hb2.png, ev_amoldoll_hb3.png, ev_amoldoll_ct11.png, ev_amoldoll_ct12.png, ev_amoldoll_ct13.png, ev_amoldoll_ct14.png, ev_amoldoll_ct15.png",8,,,,
amoldoll_hc,"ev_amoldoll_hc1.png, ev_amoldoll_hc2.png, ev_amoldoll_hc3.png, ev_amoldoll_ct21.png, ev_amoldoll_ct22.png, ev_amoldoll_ct23.png, ev_amoldoll_ct24.png, ev_amoldoll_ct25.png, ev_amoldoll_ct26.png",9,,,,
amphis_h,"ev_amphis_h1.png, ev_amphis_h2.png, ev_amphis_h3.png, ev_amphis_h4.png",4,,,,
ancientscylla_hb,"ev_ancientscylla_hb01.png, ev_ancientscylla_hb02.png, ev_ancientscylla_hb03.png, ev_ancientscylla_hb04.png, ev_ancientscylla_hb05.png, ev_ancientscylla_hb06.png, ev_ancientscylla_hb07.png, ev_ancientscylla_hb08.png, ev_ancientscylla_hb09.png, ev_ancientscylla_hb10.png",10,,,,
anders_h,"ev_anders_h1.png, ev_anders_h2.png, ev_anders_h3.png, ev_anders_h4.png, ev_anders_h5.png, ev_anders_h6.png, ev_anders_h7.png, ev_anders_ct01.png, ev_anders_ct02.png, ev_anders_ct03.png, ev_anders_ct04.png, ev_anders_ct05.png",12,,,,
anfill_ha,"ev_anfill_ha01.png, ev_anfill_ha02.png, ev_anfill_ha03.png, ev_anfill_ha04.png, ev_anfill_ha05.png, ev_anfill_ha06.png, ev_anfill_ha07.png, ev_anfill_ha08.png, ev_anfill_ha09.png, ev_anfill_ha10.png, ev_anfill_ha11.png, ev_anfill_ha12.png",12,,,,
angelghoul_h,"ev_angelghoul_h1.png, ev_angelghoul_ct01.png, ev_angelghoul_ct02.png, ev_angelghoul_ct03.png, ev_angelghoul_ct04.png",5,,,,
angels_h,"ev_angels_h01.png, ev_angels_h02.png, ev_angels_h03.png, ev_angels_h04.png, ev_angels_h05.png, ev_angels_h06.png, ev_angels_h07.png, ev_angels_h08.png, ev_angels_h09.png, ev_angels_h10.png",10,,,,
angels_hb,"ev_angels_hb1.png, ev_angels_hb2.png",2,,,,
angolmois_h,"ev_angolmois_h1.png, ev_angolmois_h2.png, ev_angolmois_h3.png, ev_angolmois_h4.png, ev_angolmois_h5.png, ev_angolmois_h6.png, ev_angolmois_h7.png",7,,,,
ankou_cta,"ev_ankou_cta01.png, ev_ankou_cta02.png, ev_ankou_cta03.png",3,,,,
ankou_ctb,"ev_ankou_ctb01.png, ev_ankou_ctb02.png, ev_ankou_ctb03.png, ev_ankou_ctb04.png",4,,,,
ant_ct,"ev_ant_ct01.png, ev_ant_ct02.png, ev_ant_ct03.png, ev_ant_ct04.png",4,,,,
apiro_ragos_h,"ev_apiro_ragos_h1.png, ev_apiro_ragos_h2.png, ev_apiro_ragos_h3.png",3,,,,
apsaras_h,"ev_apsaras_h1.png, ev_apsaras_h2.png, ev_apsaras_h3.png, ev_apsaras_h4.png, ev_apsaras_h5.png",5,,,,
apsaras_hb,"ev_apsaras_hb1.png, ev_apsaras_hb2.png, ev_apsaras_hb3.png, ev_apsaras_hb4.png, ev_apsaras_hb5.png, ev_apsaras_hb6.png",6,,,,
aptiel_ha,"ev_aptiel_ha1.png, ev_aptiel_ha2.png, ev_aptiel_ha3.png, ev_aptiel_ct01.png, ev_aptiel_ct02.png, ev_aptiel_ct03.png",6,,,,
aptiel_hc,"ev_aptiel_hc1.png, ev_aptiel_hc2.png, ev_aptiel_hc3.png, ev_aptiel_hc4.png, ev_aptiel_hc5.png, ev_aptiel_hc6.png, ev_aptiel_hc7.png",7,,,,
arachnes_ha,"ev_arachnes_ha01.png, ev_arachnes_ha02.png, ev_arachnes_ha03.png, ev_arachnes_ha04.png, ev_arachnes_ha05.png, ev_arachnes_ha06.png, ev_arachnes_ha07.png, ev_arachnes_ha08.png, ev_arachnes_ha09.png, ev_arachnes_ha10.png, ev_arachnes_ct01.png, ev_arachnes_ct02.png, ev_arachnes_ct03.png, ev_arachnes_ct04.png, ev_arachnes_ct05.png, ev_arachnes_ct06.png, ev_arachnes_ct07.png, ev_arachnes_ct08.png, ev_arachnes_ct09.png, ev_arachnes_ct10.png",20,,,,
arachnes_hb,"ev_arachnes_hb01.png, ev_arachnes_hb02.png, ev_arachnes_hb03.png, ev_arachnes_hb04.png, ev_arachnes_hb05.png, ev_arachnes_hb06.png, ev_arachnes_hb07.png, ev_arachnes_hb08.png, ev_arachnes_hb09.png, ev_arachnes_hb10.png",10,,,,
aradia_ha,"ev_aradia_ha1.png, ev_aradia_ha2.png, ev_aradia_ha3.png, ev_aradia_ha4.png, ev_aradia_ha5.png",5,,,,
aradia_hb,"ev_aradia_hb1.png, ev_aradia_hb2.png, ev_aradia_hb3.png, ev_aradia_hb4.png, ev_aradia_hb5.png",5,,,,
aradia_hc,"ev_aradia_hc1.png, ev_aradia_hc2.png, ev_aradia_hc3.png, ev_aradia_hc4.png, ev_aradia_hc5.png",5,,,,
aradia_hd,"ev_aradia_hd1.png, ev_aradia_hd2.png, ev_aradia_hd3.png, ev_aradia_hd4.png, ev_aradia_hd5.png, ev_aradia_hd6.png",6,,,,
aradia_he,"ev_aradia_he1.png",1,,,,
arcen_h,"ev_arcen_h1.png, ev_arcen_h2.png, ev_arcen_h3.png, ev_arcen_h4.png",4,,,,
ariel_h,"ev_ariel_h1.png, ev_ariel_h2.png, ev_ariel_h3.png, ev_ariel_h4.png",4,,,,
arikui_h,"ev_arikui_h1.png, ev_arikui_h2.png, ev_arikui_h3.png, ev_arikui_h4.png, ev_arikui_h5.png, ev_arikui_h6.png",6,,,,
arikui_hb,"ev_arikui_hb1.png, ev_arikui_hb2.png",2,,,,
arizigoku_h,"ev_arizigoku_h1.png, ev_arizigoku_h2.png, ev_arizigoku_h3.png, ev_arizigoku_h4.png",4,,,,
arkjelly_h,"ev_arkjelly_h1.png, ev_arkjelly_h2.png, ev_arkjelly_h3.png, ev_arkjelly_h4.png, ev_arkjelly_h5.png",5,,,,
artm_ct,"ev_artm_ct01.png, ev_artm_ct02.png, ev_artm_ct11.png, ev_artm_ct12.png, ev_artm_ct13.png, ev_artm_ct14.png",6,,,,
artm_ha,"ev_artm_ha1.png, ev_artm_ha2.png, ev_artm_ha3.png",3,,,,
artm_hb,"ev_artm_hb1.png, ev_artm_hb2.png, ev_artm_hb3.png",3,,,,
artm_hc,"ev_artm_hc1.png, ev_artm_hc2.png, ev_artm_hc3.png, ev_artm_hc4.png, ev_artm_hc5.png, ev_artm_hc6.png, ev_artm_hc7.png, ev_artm_hc8.png",8,,,,
arucubuss_h,"ev_arucubuss_h01.png, ev_arucubuss_h02.png, ev_arucubuss_h03.png, ev_arucubuss_h04.png, ev_arucubuss_h05.png, ev_arucubuss_h06.png, ev_arucubuss_h07.png, ev_arucubuss_h08.png, ev_arucubuss_h09.png, ev_arucubuss_h10.png, ev_arucubuss_h11.png, ev_arucubuss_h12.png, ev_arucubuss_h13.png",13,,,,
arucubuss_hb,"ev_arucubuss_hb01.png, ev_arucubuss_hb02.png, ev_arucubuss_hb03.png, ev_arucubuss_hb04.png, ev_arucubuss_hb05.png, ev_arucubuss_hb06.png, ev_arucubuss_hb07.png, ev_arucubuss_hb08.png, ev_arucubuss_hb09.png, ev_arucubuss_hb10.png, ev_arucubuss_hb11.png",11,,,,
arumaeruma_ct,"ev_arumaeruma_ct01.png, ev_arumaeruma_ct02.png, ev_arumaeruma_ct03.png, ev_arumaeruma_ct04.png, ev_arumaeruma_ct05.png, ev_arumaeruma_ct06.png",6,,,,
arumaeruma_ha,"ev_arumaeruma_ha1.png, ev_arumaeruma_ha2.png, ev_arumaeruma_ha3.png, ev_arumaeruma_ha4.png",4,,,,
arumaeruma_hb,"ev_arumaeruma_hb1.png, ev_arumaeruma_hb2.png, ev_arumaeruma_hb3.png, ev_arumaeruma_hb4.png, ev_arumaeruma_hb5.png",5,,,,
arumaeruma_hc,"ev_arumaeruma_hc1.png, ev_arumaeruma_hc2.png, ev_arumaeruma_hc3.png, ev_arumaeruma_hc4.png",4,,,,
arumaeruma_hd,"ev_arumaeruma_hd0.png, ev_arumaeruma_hd1.png, ev_arumaeruma_hd2.png, ev_arumaeruma_hd3.png, ev_arumaeruma_hd4.png",5,,,,
arumaeruma_he,"ev_arumaeruma_he1.png, ev_arumaeruma_he2.png, ev_arumaeruma_he3.png, ev_arumaeruma_he4.png",4,,,,
arumaeruma_hf,"ev_arumaeruma_hf1.png, ev_arumaeruma_hf2.png, ev_arumaeruma_hf3.png, ev_arumaeruma_ct11.png, ev_arumaeruma_ct12.png, ev_arumaeruma_ct13.png",6,,,,
arumaeruma_hg,"ev_arumaeruma_hg1.png, ev_arumaeruma_hg2.png, ev_arumaeruma_hg3.png",3,,,,
arumaeruma_hh,"ev_arumaeruma_hh1.png, ev_arumaeruma_hh2.png, ev_arumaeruma_hh3.png, ev_arumaeruma_hh4.png, ev_arumaeruma_hh5.png",5,,,,
arumaeruma_hi,"ev_arumaeruma_hi1.png, ev_arumaeruma_hi2.png, ev_arumaeruma_hi3.png, ev_arumaeruma_hi4.png, ev_arumaeruma_hi5.png",5,3,,,3
arumaeruma_hj,"ev_arumaeruma_hj1.png, ev_arumaeruma_hj2.png, ev_arumaeruma_hj3.png, ev_arumaeruma_hj4.png, ev_arumaeruma_hj5.png, ev_arumaeruma_hj6.png",6,,,,
arumaeruma_hk,"ev_arumaeruma_hk1.png, ev_arumaeruma_hk2.png",2,,,,
arusiel_ct,"ev_arusiel_ct01.png, ev_arusiel_ct02.png, ev_arusiel_ct03.png",3,,,,
arusiel_ha,"ev_arusiel_ha1.png, ev_arusiel_ha2.png, ev_arusiel_ha3.png, ev_arusiel_ha4.png, ev_arusiel_ha5.png",5,,,,
arusiel_hb,"ev_arusiel_hb1.png, ev_arusiel_hb2.png, ev_arusiel_hb3.png, ev_arusiel_hb4.png, ev_arusiel_hb5.png, ev_arusiel_hb6.png",6,,,,
ashel_ha,"ev_ashel_ha1.png, ev_ashel_ha2.png, ev_ashel_ha3.png, ev_ashel_ha4.png",4,,,,
ashel_hb,"ev_ashel_hb1.png, ev_ashel_hb2.png, ev_ashel_hb3.png, ev_ashel_hb4.png",4,3,,,3
asmodeus_ha,"ev_asmodeus_ha1.png, ev_asmodeus_ha2.png, ev_asmodeus_ha3.png, ev_asmodeus_ha4.png",4,,,,
asmodeus_hd,"ev_asmodeus_hd1.png, ev_asmodeus_hd2.png, ev_asmodeus_hd3.png, ev_asmodeus_hd4.png, ev_asmodeus_hd5.png",5,,,,
asmodeus_hh,"ev_asmodeus_hh1.png, ev_asmodeus_hh2.png, ev_asmodeus_hh3.png, ev_asmodeus_hh4.png, ev_asmodeus_hh5.png",5,,,,
assassinloid_ct1,"ev_assassinloid_ct01.png, ev_assassinloid_ct02.png",2,,,,
assassinloid_ct2,"ev_assassinloid_ct11.png, ev_assassinloid_ct12.png, ev_assassinloid_ct13.png, ev_assassinloid_ct14.png",4,,,,
assassinloid_ha,"ev_assassinloid_ha01.png, ev_assassinloid_ha02.png, ev_assassinloid_ha03.png, ev_assassinloid_ha04.png, ev_assassinloid_ha05.png, ev_assassinloid_ha06.png, ev_assassinloid_ha07.png, ev_assassinloid_ha08.png, ev_assassinloid_ha09.png, ev_assassinloid_ha10.png, ev_assassinloid_ha11.png, ev_assassinloid_ha12.png, ev_assassinloid_ha13.png, ev_assassinloid_ha14.png, ev_assassinloid_ha15.png, ev_assassinloid_ha16.png, ev_assassinloid_ha17.png, ev_assassinloid_ha18.png, ev_assassinloid_ha19.png, ev_assassinloid_ha20.png, ev_assassinloid_ha21.png, ev_assassinloid_ha22.png, ev_assassinloid_ha23.png, ev_assassinloid_ha24.png, ev_assassinloid_ha25.png, ev_assassinloid_ha26.png, ev_assassinloid_ha27.png, ev_assassinloid_ha28.png",28,,,,
assassinloid_hb,"ev_assassinloid_hb01.png, ev_assassinloid_hb02.png, ev_assassinloid_hb03.png, ev_assassinloid_hb04.png, ev_assassinloid_hb05.png, ev_assassinloid_hb06.png, ev_assassinloid_hb07.png, ev_assassinloid_hb08.png, ev_assassinloid_hb09.png, ev_assassinloid_hb10.png, ev_assassinloid_hb11.png, ev_assassinloid_hb12.png, ev_assassinloid_hb13.png, ev_assassinloid_hb14.png, ev_assassinloid_hb15.png, ev_assassinloid_hb16.png, ev_assassinloid_hb17.png, ev_assassinloid_hb18.png, ev_assassinloid_hb19.png, ev_assassinloid_hb20.png, ev_assassinloid_hb21.png, ev_assassinloid_hb22.png, ev_assassinloid_hb23.png, ev_assassinloid_hb24.png, ev_assassinloid_hb25.png, ev_assassinloid_hb26.png, ev_assassinloid_hb27.png, ev_assassinloid_hb28.png, ev_assassinloid_hb29.png, ev_assassinloid_hb30.png, ev_assassinloid_hb31.png, ev_assassinloid_hb32.png, ev_assassinloid_hb33.png, ev_assassinloid_hb34.png, ev_assassinloid_hb35.png, ev_assassinloid_hb36.png, ev_assassinloid_st31.png, ev_assassinloid_st32.png",38,,,,
astaroth_ha,"ev_astaroth_ha1.png, ev_astaroth_ha2.png, ev_astaroth_ha3.png, ev_astaroth_ha4.png, ev_astaroth_ha5.png",5,,,,
astaroth_hb,"ev_astaroth_hb1.png, ev_astaroth_hb2.png, ev_astaroth_hb3.png, ev_astaroth_hb4.png, ev_astaroth_hb5.png",5,,,,
astaroth_hc,"ev_astaroth_hc1.png, ev_astaroth_hc2.png, ev_astaroth_hc3.png, ev_astaroth_hc4.png, ev_astaroth_hc5.png",5,,,,
astaroth_hd,"ev_astaroth_hd1.png, ev_astaroth_hd2.png, ev_astaroth_hd3.png, ev_astaroth_hd4.png, ev_astaroth_hd5.png",5,,,,
astaroth_he,"ev_astaroth_he1.png, ev_astaroth_he2.png, ev_astaroth_he3.png, ev_astaroth_he4.png",4,,,,
astaroth_hf,"ev_astaroth_hf1.png, ev_astaroth_hf2.png, ev_astaroth_hf3.png, ev_astaroth_hf4.png, ev_astaroth_hf5.png, ev_astaroth_hf6.png, ev_astaroth_hf7.png",7,,,,
astaroth_hg,"ev_astaroth_hg1.png, ev_astaroth_hg2.png, ev_astaroth_hg3.png, ev_astaroth_hg4.png, ev_astaroth_hg5.png, ev_astaroth_hg6.png, ev_astaroth_hg7.png",7,,,,
asura_ct,"ev_asura_ct01.png, ev_asura_ct02.png, ev_asura_ct03.png, ev_asura_ct04.png",4,,,,
asura_h,"ev_asura_h1.png, ev_asura_h2.png, ev_asura_h3.png, ev_asura_h4.png, ev_asura_h5.png, ev_asura_h6.png",6,,,,
asyura_h,"ev_asyura_h01.png, ev_asyura_h02.png, ev_asyura_h03.png, ev_asyura_h04.png, ev_asyura_h05.png, ev_asyura_h06.png, ev_asyura_h07.png, ev_asyura_h08.png, ev_asyura_h09.png, ev_asyura_h10.png, ev_asyura_h11.png",11,,,,
athena_h,"ev_athena_h1.png, ev_athena_h2.png, ev_athena_h3.png, ev_athena_h4.png, ev_athena_h5.png, ev_athena_h6.png",6,,,,
atlach_h,"ev_atlach_h01.png, ev_atlach_h02.png, ev_atlach_h03.png, ev_atlach_h04.png, ev_atlach_h05.png, ev_atlach_h06.png, ev_atlach_h07.png, ev_atlach_h08.png, ev_atlach_h09.png, ev_atlach_h10.png, ev_atlach_ct01.png, ev_atlach_ct02.png, ev_atlach_ct03.png, ev_atlach_ct04.png, ev_atlach_ct05.png, ev_atlach_ct06.png",16,,,,
aun_ha,"ev_aun_ha01.png, ev_aun_ha02.png, ev_aun_ha03.png, ev_aun_ha04.png, ev_aun_ha05.png, ev_aun_ha06.png, ev_aun_ha07.png, ev_aun_ha08.png, ev_aun_ha09.png, ev_aun_ha10.png",10,,,,
aun_hb,"ev_aun_hb01.png, ev_aun_hb02.png, ev_aun_hb03.png, ev_aun_hb04.png, ev_aun_hb05.png, ev_aun_hb06.png, ev_aun_hb07.png, ev_aun_hb08.png, ev_aun_hb09.png, ev_aun_hb10.png",10,,,,
azazel_ha,"ev_azazel_ha1.png, ev_azazel_ha2.png, ev_azazel_ha3.png",3,,,,
azazel_hb,"ev_azazel_hb1.png, ev_azazel_hb2.png, ev_azazel_hb3.png",3,,,,
azidahaka_ha,"ev_azidahaka_ha01.png, ev_azidahaka_ha02.png, ev_azidahaka_ha03.png, ev_azidahaka_ha04.png, ev_azidahaka_ha05.png, ev_azidahaka_ha06.png, ev_azidahaka_ha07.png",7,,,,
azidahaka_ha2,"ev_azidahaka_ha08.png, ev_azidahaka_ha09.png, ev_azidahaka_ha10.png, ev_azidahaka_ha11.png, ev_azidahaka_ha12.png, ev_azidahaka_ha13.png",6,,,,
azidahaka_hb,"ev_azidahaka_hb01.png, ev_azidahaka_hb02.png, ev_azidahaka_hb03.png, ev_azidahaka_hb04.png, ev_azidahaka_hb05.png, ev_azidahaka_hb06.png, ev_azidahaka_hb07.png",7,,,,
azidahaka_hb2,"ev_azidahaka_hb08.png, ev_azidahaka_hb09.png, ev_azidahaka_hb10.png, ev_azidahaka_hb11.png, ev_azidahaka_hb12.png",5,,,,
baal_zebub_h,"ev_baal_zebub_h1.png, ev_baal_zebub_h2.png, ev_baal_zebub_h3.png, ev_baal_zebub_h4.png, ev_baal_zebub_h5.png, ev_baal_zebub_h6.png, ev_baal_zebub_h7.png, ev_baal_zebub_h8.png",8,,,,
baketanuki_h,"ev_baketanuki_h01.png, ev_baketanuki_h02.png, ev_baketanuki_h03.png, ev_baketanuki_h04.png, ev_baketanuki_h05.png, ev_baketanuki_h06.png, ev_baketanuki_h07.png, ev_baketanuki_h08.png, ev_baketanuki_h09.png, ev_baketanuki_h10.png",10,,,,
bander_ha,"ev_bander_ha1.png, ev_bander_ha2.png, ev_bander_ha3.png, ev_bander_ha4.png, ev_bander_ct01.png",5,,,,
bander_hb,"ev_bander_hb1.png, ev_bander_hb2.png, ev_bander_hb3.png, ev_bander_hb4.png",4,,,,
bander_hc,"ev_bander_hc1.png, ev_bander_hc2.png, ev_bander_hc3.png, ev_bander_hc4.png",4,,,,
baphomet_h,"ev_baphomet_h1.png, ev_baphomet_h2.png, ev_baphomet_h3.png, ev_baphomet_h4.png",4,,,,
baphomet_hb,"ev_baphomet_hb1.png, ev_baphomet_hb2.png, ev_baphomet_hb3.png, ev_baphomet_hb4.png, ev_baphomet_hb5.png, ev_baphomet_hb6.png",6,,,,
barakizoku_ha,"ev_barakizoku_ha1.png, ev_barakizoku_ha2.png",2,,,,
barakizoku_hc,"ev_barakizoku_hc1.png, ev_barakizoku_hc2.png, ev_barakizoku_hc3.png, ev_barakizoku_hc4.png, ev_barakizoku_hc5.png",5,,,,
basilisk_ct,"ev_basilisk_ct01.png, ev_basilisk_ct02.png, ev_basilisk_ct03.png, ev_basilisk_ct04.png",4,,,,
beelzebub_h0,"ev_beelzebub_h01.png, ev_beelzebub_h02.png",2,,,,
beelzebub_h1,"ev_beelzebub_h11.png, ev_beelzebub_h12.png",2,,,,
beelzebub_h2,"ev_beelzebub_h21.png, ev_beelzebub_h22.png",2,,,,
beelzebub_h3,"ev_beelzebub_h31.png, ev_beelzebub_h32.png, ev_beelzebub_h33.png, ev_beelzebub_h34.png",4,,,,
beelzebub_h4,"ev_beelzebub_h41.png, ev_beelzebub_h42.png, ev_beelzebub_h43.png, ev_beelzebub_h44.png",4,,,,
beelzebub_h5,"ev_beelzebub_h51.png, ev_beelzebub_h52.png, ev_beelzebub_h53.png, ev_beelzebub_h54.png, ev_beelzebub_h55.png",5,,,,
beelzebub_hb,"ev_beelzebub_hb1.png, ev_beelzebub_hb2.png",2,,,,
beelzebub_hc,"ev_beelzebub_hc1.png, ev_beelzebub_hc2.png, ev_beelzebub_hc3.png",3,,,,
beelzebub_hd,"ev_beelzebub_hd1.png, ev_beelzebub_hd2.png",2,,,,
beelzebub_s_h,"ev_beelzebub_s_h1.png, ev_beelzebub_s_h2.png, ev_beelzebub_s_h3.png, ev_beelzebub_s_h4.png",4,,,,
behemoth_ct,"ev_behemoth_ct01.png, ev_behemoth_ct02.png, ev_behemoth_ct03.png, ev_behemoth_ct04.png",4,,,,
bell_h,"ev_bell_h1.png, ev_bell_h2.png",2,,,,
berial_ha,"ev_berial_ha01.png, ev_berial_ha02.png, ev_berial_ha03.png, ev_berial_ha04.png, ev_berial_ha05.png, ev_berial_ha06.png, ev_berial_ha07.png, ev_berial_ha08.png, ev_berial_ha09.png, ev_berial_ha10.png, ev_berial_ha11.png, ev_berial_ha12.png, ev_berial_ha13.png, ev_berial_ha14.png",14,,,,
berial_hc,"ev_berial_hc01.png, ev_berial_hc02.png, ev_berial_hc03.png, ev_berial_hc04.png, ev_berial_hc05.png, ev_berial_hc06.png, ev_berial_hc07.png, ev_berial_hc08.png, ev_berial_hc09.png, ev_berial_hc10.png, ev_berial_hc11.png",11,,,,
berryel_st1,"ev_berryel_st11.png, ev_berryel_st12.png, ev_berryel_st13.png, ev_berryel_st14.png, ev_berryel_st15.png",5,,,,
berryel_st2,"ev_berryel_st21.png, ev_berryel_st22.png, ev_berryel_st23.png",3,,,,
berryel_st3,"ev_berryel_st31.png, ev_berryel_st32.png, ev_berryel_st33.png, ev_berryel_st34.png",4,,,,
bgolem_ct,"ev_bgolem_ct01.png, ev_bgolem_ct02.png, ev_bgolem_ct03.png, ev_bgolem_ct04.png, ev_bgolem_ct05.png, ev_bgolem_ct06.png",6,,,,
bgolem_h,"ev_bgolem_h1.png, ev_bgolem_h2.png, ev_bgolem_h3.png, ev_bgolem_h4.png, ev_bgolem_h5.png, ev_bgolem_h6.png, ev_bgolem_h7.png",7,,,,
blavatsky_h,"ev_blavatsky_h1.png, ev_blavatsky_h2.png, ev_blavatsky_h3.png, ev_blavatsky_h4.png, ev_blavatsky_h5.png, ev_blavatsky_h6.png",6,,,,
blavatsky_h2,"ev_blavatsky_h7.png, ev_blavatsky_h8.png, ev_blavatsky_h9.png",3,,,,
blob_h,"ev_blob_h1.png, ev_blob_h2.png, ev_blob_h3.png, ev_blob_h4.png, ev_blob_h5.png, ev_blob_h6.png, ev_blob_h7.png, ev_blob_h8.png, ev_blob_h9.png",9,,,,
bloddydragon_h,"ev_bloddydragon_h01.png, ev_bloddydragon_h02.png, ev_bloddydragon_h03.png, ev_bloddydragon_h04.png, ev_bloddydragon_h05.png, ev_bloddydragon_h06.png, ev_bloddydragon_h07.png, ev_bloddydragon_h08.png, ev_bloddydragon_h09.png, ev_bloddydragon_h10.png",10,,,,
blom_ct,"ev_blom_ct01.png, ev_blom_ct02.png, ev_blom_ct03.png",3,,,,
blom_h,"ev_blom_h1.png, ev_blom_h2.png, ev_blom_h3.png, ev_blom_h4.png, ev_blom_h5.png, ev_blom_h6.png, ev_blom_h7.png, ev_blom_h8.png",8,,,,
bombslime_h,"ev_bombslime_h01.png, ev_bombslime_h02.png, ev_bombslime_h03.png, ev_bombslime_h04.png, ev_bombslime_h05.png, ev_bombslime_h06.png, ev_bombslime_h07.png, ev_bombslime_h08.png, ev_bombslime_h09.png, ev_bombslime_h10.png",10,,,,
bombslime_hb,"ev_bombslime_hb01.png, ev_bombslime_hb02.png, ev_bombslime_hb03.png, ev_bombslime_hb04.png, ev_bombslime_hb05.png, ev_bombslime_hb06.png, ev_bombslime_hb07.png, ev_bombslime_hb08.png, ev_bombslime_hb09.png, ev_bombslime_hb10.png",10,4,,,4
bonny_ha,"ev_bonny_ha1.png, ev_bonny_ha2.png, ev_bonny_ha3.png, ev_bonny_ha4.png",4,,,,
bonny_hb,"ev_bonny_hb1.png, ev_bonny_hb2.png, ev_bonny_hb3.png, ev_bonny_hb4.png",4,,,,
braunys_h,"ev_braunys_h01.png, ev_braunys_h02.png, ev_braunys_h03.png, ev_braunys_h04.png, ev_braunys_h05.png, ev_braunys_h06.png, ev_braunys_h07.png, ev_braunys_h08.png, ev_braunys_h09.png, ev_braunys_h10.png, ev_braunys_h11.png",11,,,,
brunhild_ha,"ev_brunhild_ha01.png, ev_brunhild_ha02.png, ev_brunhild_ha03.png, ev_brunhild_ha04.png, ev_brunhild_ha05.png, ev_brunhild_ha06.png, ev_brunhild_ha07.png, ev_brunhild_ha08.png, ev_brunhild_ha09.png, ev_brunhild_ha10.png, ev_brunhild_ha11.png, ev_brunhild_ha12.png, ev_brunhild_ha13.png, ev_brunhild_ha14.png, ev_brunhild_ha15.png, ev_brunhild_ha16.png",16,,,,
brunhild_hb,"ev_brunhild_hb01.png, ev_brunhild_hb02.png, ev_brunhild_hb03.png, ev_brunhild_hb04.png, ev_brunhild_hb05.png, ev_brunhild_hb06.png, ev_brunhild_hb07.png, ev_brunhild_hb08.png, ev_brunhild_hb09.png, ev_brunhild_hb10.png, ev_brunhild_hb11.png, ev_brunhild_hb12.png, ev_brunhild_hb13.png, ev_brunhild_hb14.png, ev_brunhild_hb15.png, ev_brunhild_hb16.png, ev_brunhild_hb17.png, ev_brunhild_hb18.png, ev_brunhild_hb19.png, ev_brunhild_hb20.png, ev_brunhild_hb21.png, ev_brunhild_hb22.png, ev_brunhild_hb23.png, ev_brunhild_hb24.png",24,,,,
brunhild_hc,"ev_brunhild_hc01.png, ev_brunhild_hc02.png, ev_brunhild_hc03.png, ev_brunhild_hc04.png, ev_brunhild_hc05.png, ev_brunhild_hc06.png, ev_brunhild_hc07.png, ev_brunhild_hc08.png, ev_brunhild_hc09.png, ev_brunhild_hc10.png, ev_brunhild_hc11.png, ev_brunhild_hc12.png, ev_brunhild_hc13.png, ev_brunhild_hc14.png, ev_brunhild_hc15.png, ev_brunhild_hc16.png, ev_brunhild_hc17.png, ev_brunhild_hc18.png, ev_brunhild_hc19.png, ev_brunhild_hc20.png, ev_brunhild_hc21.png, ev_brunhild_hc22.png, ev_brunhild_hc23.png, ev_brunhild_hc24.png, ev_brunhild_hc25.png, ev_brunhild_hc26.png",26,,,,
bunnyslime_h,"ev_bunnyslime_h1.png, ev_bunnyslime_h2.png, ev_bunnyslime_h3.png, ev_bunnyslime_h4.png",4,,,,
c_a3_ha,"ev_c_a3_ha1.png, ev_c_a3_ha2.png, ev_c_a3_ha3.png, ev_c_a3_ha4.png, ev_c_a3_ha5.png",5,,,,
c_a3_hb,"ev_c_a3_hb1.png, ev_c_a3_hb2.png, ev_c_a3_hb3.png, ev_c_a3_hb4.png",4,,,,
c_beast_ct,"ev_c_beast_ct11.png, ev_c_beast_ct12.png, ev_c_beast_ct13.png, ev_c_beast_ct14.png",4,,,,
c_beast_h,"ev_c_beast_h1.png, ev_c_beast_h2.png, ev_c_beast_h3.png, ev_c_beast_h4.png, ev_c_beast_h5.png, ev_c_beast_h6.png, ev_c_beast_ct01.png, ev_c_beast_ct02.png, ev_c_beast_ct03.png, ev_c_beast_ct04.png",10,,,,
c_bug_ct0,"ev_c_bug_ct01.png, ev_c_bug_ct02.png",2,,,,
c_bug_ct1,"ev_c_bug_ct11.png, ev_c_bug_ct12.png",2,,,,
c_bug_ct2,"ev_c_bug_ct21.png, ev_c_bug_ct22.png, ev_c_bug_ct23.png",3,,,,
c_bug_ha,"ev_c_bug_ha01.png, ev_c_bug_ha02.png, ev_c_bug_ha03.png, ev_c_bug_ha04.png, ev_c_bug_ha05.png, ev_c_bug_ha06.png, ev_c_bug_ha07.png, ev_c_bug_ha08.png, ev_c_bug_ha09.png, ev_c_bug_ha10.png, ev_c_bug_ha11.png, ev_c_bug_ha12.png, ev_c_bug_ha13.png, ev_c_bug_ha14.png, ev_c_bug_ha15.png, ev_c_bug_ha16.png, ev_c_bug_ha17.png, ev_c_bug_ha18.png, ev_c_bug_ha19.png, ev_c_bug_ha20.png, ev_c_bug_ha21.png, ev_c_bug_ha22.png, ev_c_bug_ha23.png, ev_c_bug_ha24.png",24,,,,
c_bug_hb,"ev_c_bug_hb01.png, ev_c_bug_hb02.png, ev_c_bug_hb03.png, ev_c_bug_hb04.png, ev_c_bug_hb05.png, ev_c_bug_hb06.png, ev_c_bug_hb07.png, ev_c_bug_hb08.png, ev_c_bug_hb09.png, ev_c_bug_hb10.png, ev_c_bug_hb11.png, ev_c_bug_hb12.png, ev_c_bug_hb13.png, ev_c_bug_hb14.png, ev_c_bug_hb15.png, ev_c_bug_hb16.png, ev_c_bug_hb17.png, ev_c_bug_hb18.png, ev_c_bug_hb19.png, ev_c_bug_hb20.png",20,,,,
c_chariot_h,"ev_c_chariot_h1.png, ev_c_chariot_h2.png, ev_c_chariot_h3.png, ev_c_chariot_h4.png, ev_c_chariot_h5.png",5,,,,
c_dryad_st,"ev_c_dryad_st11.png, ev_c_dryad_st12.png, ev_c_dryad_st13.png, ev_c_dryad_st14.png, ev_c_dryad_st15.png",5,,,,
c_dryad_vore_st1,"ev_c_dryad_vore_st11.png, ev_c_dryad_vore_st12.png, ev_c_dryad_vore_st13.png, ev_c_dryad_vore_st14.png, ev_c_dryad_vore_st11a.png",5,,,,
c_dryad_vore_st2,"ev_c_dryad_vore_st21a.png, ev_c_dryad_vore_st21.png, ev_c_dryad_vore_st22.png, ev_c_dryad_vore_st23.png, ev_c_dryad_vore_st24.png, ev_c_dryad_vore_st25.png",6,,,,
c_dryad_vore_st3,"ev_c_dryad_vore_st31.png, ev_c_dryad_vore_st32.png, ev_c_dryad_vore_st33.png",3,,,,
c_homunculus_h,"ev_c_homunculus_h1.png, ev_c_homunculus_h2.png, ev_c_homunculus_h3.png, ev_c_homunculus_h4.png, ev_c_homunculus_h5.png, ev_c_homunculus_h6.png",6,,,,
c_medulahan_ha,"ev_c_medulahan_ha1.png, ev_c_medulahan_ha2.png, ev_c_medulahan_ha3.png, ev_c_medulahan_ha4.png, ev_c_medulahan_ct01.png, ev_c_medulahan_ct02.png, ev_c_medulahan_ct03.png, ev_c_medulahan_ct04.png",8,,,,
c_medulahan_hb,"ev_c_medulahan_hb0.png, ev_c_medulahan_hb1.png, ev_c_medulahan_hb2.png, ev_c_medulahan_hb3.png, ev_c_medulahan_hb4.png, ev_c_medulahan_hb5.png, ev_c_medulahan_hb6.png, ev_c_medulahan_hb7.png, ev_c_medulahan_hb8.png, ev_c_medulahan_ct11.png, ev_c_medulahan_ct12.png, ev_c_medulahan_ct13.png, ev_c_medulahan_ct14.png",13,,,,
c_prison_h,"ev_c_prison_h1.png, ev_c_prison_h2.png, ev_c_prison_h3.png, ev_c_prison_h4.png, ev_c_prison_ct01.png, ev_c_prison_ct02.png, ev_c_prison_ct03.png, ev_c_prison_ct04.png, ev_c_prison_ct05.png",9,,,,
c_s2_ha,"ev_c_s2_ha1.png, ev_c_s2_ha2.png, ev_c_s2_ha3.png, ev_c_s2_ha4.png, ev_c_s2_ha5.png",5,,,,
c_s2_hb,"ev_c_s2_hb1.png, ev_c_s2_hb2.png, ev_c_s2_hb3.png, ev_c_s2_hb4.png, ev_c_s2_ct01.png, ev_c_s2_ct02.png, ev_c_s2_ct03.png, ev_c_s2_ct04.png",8,,,,
c_slag_h,"ev_c_slag_h01.png, ev_c_slag_h02.png, ev_c_slag_h03.png, ev_c_slag_h04.png, ev_c_slag_h05.png, ev_c_slag_h06.png, ev_c_slag_h07.png, ev_c_slag_h08.png, ev_c_slag_h09.png, ev_c_slag_h10.png, ev_c_slag_h11.png, ev_c_slag_h12.png, ev_c_slag_ct01.png, ev_c_slag_ct02.png, ev_c_slag_ct03.png, ev_c_slag_ct04.png, ev_c_slag_ct11.png, ev_c_slag_ct12.png, ev_c_slag_ct13.png, ev_c_slag_ct14.png",20,,,,
c_tangh_h,"ev_c_tangh_h1.png, ev_c_tangh_h2.png, ev_c_tangh_h3.png, ev_c_tangh_h4.png, ev_c_tangh_h5.png, ev_c_tangh_h6.png",6,,,,
c_tentacle_h,"ev_c_tentacle_h1.png, ev_c_tentacle_h2.png, ev_c_tentacle_h3.png, ev_c_tentacle_h4.png",4,,,,
caitsith_hb,"ev_caitsith_hb1.png, ev_caitsith_hb2.png, ev_caitsith_ha1.png",3,,,,
caitsith_hc,"ev_caitsith_hc1.png, ev_caitsith_hc2.png, ev_caitsith_hc3.png, ev_caitsith_hc4.png, ev_caitsith_hc5.png, ev_caitsith_ha1.png",6,,,,
candle_h,"ev_candle_h1.png, ev_candle_h2.png, ev_candle_h3.png, ev_candle_h4.png",4,,,,
candle_hb,"ev_candle_hb1.png, ev_candle_hb2.png, ev_candle_hb3.png",3,,,,
candle_hc,"ev_candle_hc1.png, ev_candle_hc2.png, ev_candle_hc3.png, ev_candle_hc4.png",4,,,,
candy_ha,"ev_candy_ha01.png, ev_candy_ha02.png, ev_candy_ha03.png, ev_candy_ha04.png, ev_candy_ha05.png, ev_candy_ha06.png, ev_candy_ha07.png, ev_candy_ha08.png, ev_candy_ha09.png, ev_candy_ha10.png, ev_candy_ha11.png, ev_candy_ha12.png, ev_candy_ha13.png",13,,,,
candy_hb,"ev_candy_hb01.png, ev_candy_hb02.png, ev_candy_hb03.png, ev_candy_hb04.png, ev_candy_hb05.png, ev_candy_hb06.png, ev_candy_hb07.png, ev_candy_hb08.png, ev_candy_hb09.png, ev_candy_hb10.png, ev_candy_hb11.png, ev_candy_hb12.png, ev_candy_hb13.png, ev_candy_hb14.png, ev_candy_hb15.png, ev_candy_hb16.png, ev_candy_hb17.png, ev_candy_hb18.png",18,,,,
carbuncle_h,"ev_carbuncle_h1.png, ev_carbuncle_h2.png, ev_carbuncle_h3.png, ev_carbuncle_h4.png, ev_carbuncle_h5.png",5,,,,
carmilla_ha,"ev_carmilla_ha1.png, ev_carmilla_ha2.png, ev_carmilla_ha3.png, ev_carmilla_ha4.png, ev_carmilla_ha5.png, ev_carmilla_ha6.png, ev_carmilla_ha7.png, ev_carmilla_ha8.png, ev_carmilla_ha9.png",9,,,,
carmilla_hb,"ev_carmilla_hb1.png, ev_carmilla_hb2.png, ev_carmilla_hb3.png, ev_carmilla_hb4.png, ev_carmilla_hb5.png, ev_carmilla_hb6.png, ev_carmilla_hb7.png, ev_carmilla_hb8.png, ev_carmilla_hb9.png",9,,,,
carthangels_ha,"ev_carthangels_ha1.png, ev_carthangels_ha2.png, ev_carthangels_ha3.png, ev_carthangels_ha4.png, ev_carthangels_ha5.png",5,,,,
carthangels_hb,"ev_carthangels_hb1.png, ev_carthangels_hb2.png, ev_carthangels_hb3.png, ev_carthangels_hb4.png, ev_carthangels_hb5.png",5,,,,
cassandra_ha,"ev_cassandra_ha1.png, ev_cassandra_ha2.png",2,,,,
cassandra_hb,"ev_cassandra_hb1.png, ev_cassandra_hb2.png, ev_cassandra_hb3.png, ev_cassandra_hb4.png, ev_cassandra_hb5.png, ev_cassandra_ct01.png, ev_cassandra_ct02.png, ev_cassandra_ct03.png",8,,,,
cassandra_hc,"ev_cassandra_hc1.png, ev_cassandra_hc2.png, ev_cassandra_hc3.png, ev_cassandra_hc4.png, ev_cassandra_hc5.png, ev_cassandra_hc6.png",6,,,,
cassandra_hd,"ev_cassandra_hd1.png, ev_cassandra_hd2.png, ev_cassandra_hd3.png",3,,,,
cassandra_he,"ev_cassandra_he1.png, ev_cassandra_he2.png, ev_cassandra_he3.png, ev_cassandra_he4.png",4,,,,
cassandra_hf,"ev_cassandra_hf1.png",1,,,,
cassandra_hg,"ev_cassandra_hg1.png, ev_cassandra_hg2.png, ev_cassandra_hg3.png, ev_cassandra_hg4.png",4,,,,
cassandra_hh,"ev_cassandra_hh1.png, ev_cassandra_hh2.png, ev_cassandra_hh3.png, ev_cassandra_hh4.png, ev_cassandra_hh5.png",5,,,,
cassandra_hi,"ev_cassandra_hi1.png",1,,,,
cassandray_ha,"ev_cassandray_ha1.png, ev_cassandray_ha2.png, ev_cassandray_ha3.png, ev_cassandray_ha4.png, ev_cassandray_ha5.png, ev_cassandray_ha6.png",6,,,,
catoblepas_h,"ev_catoblepas_h1.png, ev_catoblepas_h2.png, ev_catoblepas_h3.png, ev_catoblepas_h4.png, ev_catoblepas_h5.png, ev_catoblepas_h6.png",6,,,,
cent2_ct,"ev_cent2_ct01.png, ev_cent2_ct02.png, ev_cent2_ct03.png",3,,,,
cent2_h,"ev_cent2_h1.png, ev_cent2_h2.png, ev_cent2_h3.png, ev_cent2_h4.png",4,,,,
centa_h,"ev_centa_h1.png, ev_centa_h2.png, ev_centa_ct01.png, ev_centa_ct02.png, ev_centa_ct03.png",5,,,,
chaos_hc,"ev_chaos_hc01.png, ev_chaos_hc02.png, ev_chaos_hc03.png, ev_chaos_hc04.png, ev_chaos_hc05.png, ev_chaos_hc06.png, ev_chaos_hc07.png, ev_chaos_hc08.png, ev_chaos_hc09.png, ev_chaos_hc10.png, ev_chaos_hc11.png, ev_chaos_hc12.png, ev_chaos_hc13.png, ev_chaos_hc14.png, ev_chaos_hc15.png, ev_chaos_hc16.png",16,,,,
chrom_ha,"ev_chrom_ha1.png, ev_chrom_ha2.png, ev_chrom_ha3.png",3,,,,
chrom_hb,"ev_chrom_hb1.png, ev_chrom_hb2.png, ev_chrom_hb3.png",3,,,,
chrom_hc,"ev_chrom_hc01.png, ev_chrom_hc02.png, ev_chrom_hc03.png, ev_chrom_hc04.png, ev_chrom_hc05.png, ev_chrom_hc06.png, ev_chrom_hc07.png, ev_chrom_hc08.png, ev_chrom_hc09.png, ev_chrom_hc10.png, ev_chrom_hc11.png, ev_chrom_hc12.png",12,,,,
chrom_hd,"ev_chrom_hd1.png, ev_chrom_hd2.png, ev_chrom_hd3.png, ev_chrom_hd4.png",4,,,,
chrom_he,"ev_chrom_he01.png, ev_chrom_he02.png, ev_chrom_he03.png, ev_chrom_he04.png, ev_chrom_he05.png, ev_chrom_he06.png, ev_chrom_he07.png, ev_chrom_he08.png, ev_chrom_he09.png, ev_chrom_he10.png, ev_chrom_he11.png, ev_chrom_he12.png, ev_chrom_he13.png, ev_chrom_he14.png, ev_chrom_he15.png, ev_chrom_he16.png",16,,,,
chrom_hf,"ev_chrom_hf1.png, ev_chrom_hf2.png, ev_chrom_hf3.png, ev_chrom_hf4.png, ev_chrom_hf5.png, ev_chrom_hf6.png, ev_chrom_hf7.png, ev_chrom_hf8.png",8,,,,
chrom_hg,"ev_chrom_hg1.png, ev_chrom_hg2.png, ev_chrom_hg3.png",3,,,,
chromg_ha,"ev_chromg_ha1.png, ev_chromg_ha2.png, ev_chromg_ha3.png, ev_chromg_ha4.png, ev_chromg_ha5.png, ev_chromg_ha6.png, ev_chromg_ha7.png, ev_chromg_ha8.png, ev_chromg_ha9.png",9,,,,
cirque_ct0,"ev_cirque_ct01.png, ev_cirque_ct02.png",2,,,,
cirque_ct1,"ev_cirque_ct11.png, ev_cirque_ct12.png",2,,,,
cirque_ct2,"ev_cirque_ct21.png, ev_cirque_ct22.png",2,,,,
cirque_ct3,"ev_cirque_ct31.png, ev_cirque_ct32.png",2,,,,
cirque_ct4,"ev_cirque_ct41.png, ev_cirque_ct42.png, ev_cirque_ct43.png",3,,,,
cirque_ct5,"ev_cirque_ct51.png, ev_cirque_ct52.png",2,,,,
cirque_h,"ev_cirque_h01.png, ev_cirque_h02.png, ev_cirque_h03.png, ev_cirque_h04.png, ev_cirque_h05.png, ev_cirque_h06.png, ev_cirque_h07.png, ev_cirque_h08.png, ev_cirque_h09.png, ev_cirque_h10.png, ev_cirque_h11.png, ev_cirque_h12.png, ev_cirque_h13.png, ev_cirque_h14.png, ev_cirque_h15.png, ev_cirque_h16.png, ev_cirque_h17.png, ev_cirque_h18.png",18,,,,
cirque_ha,"ev_cirque_ha01.png, ev_cirque_ha02.png, ev_cirque_ha03.png, ev_cirque_ha04.png, ev_cirque_ha05.png, ev_cirque_ha06.png",6,,,,
cirque_ha2,"ev_cirque_ha07.png, ev_cirque_ha08.png, ev_cirque_ha09.png, ev_cirque_ha10.png, ev_cirque_ha11.png, ev_cirque_ha12.png",6,,,,
cirque_hb,"ev_cirque_hb01.png, ev_cirque_hb02.png, ev_cirque_hb03.png, ev_cirque_hb04.png, ev_cirque_hb05.png, ev_cirque_hb06.png, ev_cirque_hb07.png, ev_cirque_hb08.png",8,,,,
cirque_hb2,"ev_cirque_hb09.png, ev_cirque_hb10.png, ev_cirque_hb11.png, ev_cirque_hb12.png",4,,,,
cirque_hb3,"ev_cirque_hb13.png, ev_cirque_hb14.png, ev_cirque_hb15.png, ev_cirque_hb16.png, ev_cirque_hb17.png, ev_cirque_hb18.png",6,,,,
cirque_hb4,"ev_cirque_hb19.png, ev_cirque_hb20.png, ev_cirque_hb21.png, ev_cirque_hb22.png",4,,,,
cirque_hb5,"ev_cirque_hb31.png, ev_cirque_hb32.png, ev_cirque_hb33.png",3,,,,
cirque_hc,"ev_cirque_hc1.png, ev_cirque_hc2.png, ev_cirque_hc3.png, ev_cirque_hc4.png, ev_cirque_hc5.png, ev_cirque_hc6.png",6,,,,
cirque_hc2,"ev_cirque_hc7.png, ev_cirque_hc8.png",2,,,,
cirque_hd2,"ev_cirque_hd04.png, ev_cirque_hd05.png, ev_cirque_hd06.png, ev_cirque_hd07.png, ev_cirque_hd08.png, ev_cirque_hd09.png",6,,,,
cirque_hd,"ev_cirque_hd01.png, ev_cirque_hd02.png, ev_cirque_hd03.png",3,,,,
cirque_he,"ev_cirque_he01.png, ev_cirque_he02.png, ev_cirque_he03.png, ev_cirque_he04.png, ev_cirque_he05.png",5,,,,
cirque_he2,"ev_cirque_he06.png, ev_cirque_he07.png, ev_cirque_he08.png, ev_cirque_he09.png, ev_cirque_he10.png, ev_cirque_he11.png",6,,,,
cirque_hf2,"ev_cirque_hf06.png, ev_cirque_hf07.png, ev_cirque_hf08.png",3,,,,
cirque_hf,"ev_cirque_hf01.png, ev_cirque_hf02.png, ev_cirque_hf03.png, ev_cirque_hf04.png, ev_cirque_hf05.png",5,,,,
cirque_hg,"ev_cirque_hg1.png, ev_cirque_hg2.png, ev_cirque_hg3.png, ev_cirque_hg4.png, ev_cirque_hg5.png, ev_cirque_hg6.png, ev_cirque_hg7.png, ev_cirque_hg8.png, ev_cirque_hg9.png",9,,,,
cirque_hh,"ev_cirque_hh01.png, ev_cirque_hh02.png, ev_cirque_hh03.png, ev_cirque_hh04.png, ev_cirque_hh05.png, ev_cirque_hh06.png, ev_cirque_hh07.png",7,,,,
cirque_hh2,"ev_cirque_hh08.png, ev_cirque_hh09.png, ev_cirque_hh10.png, ev_cirque_hh11.png, ev_cirque_hh12.png",5,,,,
cirque_hi,"ev_cirque_hi1.png, ev_cirque_hi2.png, ev_cirque_hi3.png, ev_cirque_hi4.png, ev_cirque_hi5.png",5,,,,
cirque_hja,"ev_cirque_hja01.png, ev_cirque_hja02.png, ev_cirque_hja03.png, ev_cirque_hja04.png, ev_cirque_hja05.png, ev_cirque_hja06.png",6,,,,
cirque_hja2,"ev_cirque_hja07.png, ev_cirque_hja08.png, ev_cirque_hja09.png, ev_cirque_hja10.png, ev_cirque_hja11.png",5,3,,,3
cirque_hjb,"ev_cirque_hjb1.png, ev_cirque_hjb2.png, ev_cirque_hjb3.png, ev_cirque_hjb4.png, ev_cirque_hjb5.png, ev_cirque_hjb6.png",6,,,,
cirque_hk,"ev_cirque_hk1.png, ev_cirque_hk2.png, ev_cirque_hk3.png, ev_cirque_hk4.png, ev_cirque_hk5.png",5,,,,
cirque_hl,"ev_cirque_hl01.png, ev_cirque_hl02.png, ev_cirque_hl03.png, ev_cirque_hl04.png",4,,,,
cirque_hl2,"ev_cirque_hl05.png, ev_cirque_hl06.png, ev_cirque_hl07.png, ev_cirque_hl08.png, ev_cirque_hl09.png",5,,,,
cirque_hl3,"ev_cirque_hl10.png, ev_cirque_hl11.png, ev_cirque_hl12.png",3,,,,
clionera_ha,"ev_clionera_ha1.png, ev_clionera_ha2.png, ev_clionera_ha3.png, ev_clionera_ha4.png, ev_clionera_ha5.png",5,,,,
clionera_hb,"ev_clionera_hb1.png, ev_clionera_hb2.png, ev_clionera_hb3.png, ev_clionera_hb4.png, ev_clionera_hb5.png, ev_clionera_ct01.png, ev_clionera_ct02.png, ev_clionera_ct03.png, ev_clionera_ct04.png",9,3,,,3
coatlus_h,"ev_coatlus_h1.png, ev_coatlus_h2.png, ev_coatlus_h3.png, ev_coatlus_h4.png",4,,,,
coatlus_h2,"ev_coatlus_h5.png, ev_coatlus_h6.png, ev_coatlus_h7.png",3,,,,
coatlus_hb,"ev_coatlus_hb1.png, ev_coatlus_hb2.png, ev_coatlus_hb3.png, ev_coatlus_hb4.png",4,,,,
cockroacha_ha,"ev_cockroacha_ha01.png, ev_cockroacha_ha02.png, ev_cockroacha_ha03.png, ev_cockroacha_ha04.png, ev_cockroacha_ha05.png, ev_cockroacha_ha06.png, ev_cockroacha_ha07.png, ev_cockroacha_ha08.png, ev_cockroacha_ha09.png, ev_cockroacha_ha10.png, ev_cockroacha_ha11.png, ev_cockroacha_ha12.png, ev_cockroacha_ha13.png, ev_cockroacha_ha14.png, ev_cockroacha_ha15.png, ev_cockroacha_ha16.png, ev_cockroacha_ha17.png, ev_cockroacha_ha18.png, ev_cockroacha_ha19.png, ev_cockroacha_ha20.png",20,,,,
cockroachb_ha,"ev_cockroachb_ha01.png, ev_cockroachb_ha02.png, ev_cockroachb_ha03.png, ev_cockroachb_ha04.png, ev_cockroachb_ha05.png, ev_cockroachb_ha06.png, ev_cockroachb_ha07.png, ev_cockroachb_ha08.png, ev_cockroachb_ha09.png, ev_cockroachb_ha10.png, ev_cockroachb_ha11.png, ev_cockroachb_ha12.png, ev_cockroachb_ha13.png, ev_cockroachb_ha14.png, ev_cockroachb_ha15.png, ev_cockroachb_ha16.png, ev_cockroachb_ha17.png, ev_cockroachb_ha18.png, ev_cockroachb_ha19.png, ev_cockroachb_ha20.png, ev_cockroachb_ha21.png, ev_cockroachb_ha22.png, ev_cockroachb_ha23.png, ev_cockroachb_ha24.png, ev_cockroachb_ha25.png, ev_cockroachb_ha26.png",26,,,,
cockroachb_hb,"ev_cockroachb_hb01.png, ev_cockroachb_hb02.png, ev_cockroachb_hb03.png, ev_cockroachb_hb04.png, ev_cockroachb_hb05.png, ev_cockroachb_hb06.png, ev_cockroachb_hb07.png, ev_cockroachb_hb08.png, ev_cockroachb_hb09.png, ev_cockroachb_hb10.png, ev_cockroachb_hb11.png, ev_cockroachb_hb12.png, ev_cockroachb_hb13.png, ev_cockroachb_hb14.png, ev_cockroachb_hb15.png, ev_cockroachb_hb16.png, ev_cockroachb_hb17.png, ev_cockroachb_hb18.png, ev_cockroachb_hb19.png, ev_cockroachb_hb20.png, ev_cockroachb_hb21.png, ev_cockroachb_hb22.png, ev_cockroachb_hb23.png, ev_cockroachb_hb24.png",24,,,,
conquista_ha,"ev_conquista_ha01.png, ev_conquista_ha02.png, ev_conquista_ha03.png, ev_conquista_ha04.png, ev_conquista_ha05.png, ev_conquista_ha06.png, ev_conquista_ha07.png",7,,,,
conquista_ha2,"ev_conquista_ha08.png, ev_conquista_ha09.png, ev_conquista_ha10.png",3,,,,
conquista_ha3,"ev_conquista_ha11.png, ev_conquista_ha12.png, ev_conquista_ha13.png",3,,,,
conquista_hb3,"ev_conquista_hb05.png, ev_conquista_hb06.png, ev_conquista_hb07.png",3,,,,
conquista_hb2,"ev_conquista_hb08.png, ev_conquista_hb09.png, ev_conquista_hb10.png, ev_conquista_hb11.png",4,,,,
conquista_hb,"ev_conquista_hb01.png, ev_conquista_hb02.png, ev_conquista_hb03.png, ev_conquista_hb04.png",4,,,,
cooc_angel_h,"ev_cooc_angel_h1.png, ev_cooc_angel_h2.png, ev_cooc_angel_h3.png, ev_cooc_angel_h4.png",4,,,,
cthulhu_hc,"ev_cthulhu_hc01.png, ev_cthulhu_hc02.png, ev_cthulhu_hc03.png, ev_cthulhu_hc04.png, ev_cthulhu_hc05.png, ev_cthulhu_hc06.png, ev_cthulhu_hc07.png, ev_cthulhu_hc08.png, ev_cthulhu_hc09.png, ev_cthulhu_hc10.png, ev_cthulhu_hc11.png",11,,,,
cubiel_ha,"ev_cubiel_ha1.png, ev_cubiel_ha2.png, ev_cubiel_ha3.png",3,,,,
cubiel_hb,"ev_cubiel_hb01.png, ev_cubiel_hb02.png, ev_cubiel_hb03.png, ev_cubiel_hb04.png, ev_cubiel_hb05.png, ev_cubiel_hb06.png, ev_cubiel_hb07.png, ev_cubiel_hb08.png, ev_cubiel_hb09.png, ev_cubiel_hb10.png",10,,,,
cupid_ha,"ev_cupid_ha1.png, ev_cupid_ha2.png, ev_cupid_ha3.png, ev_cupid_ha4.png, ev_cupid_ha5.png, ev_cupid_ha6.png, ev_cupid_ha7.png",7,,,,
cupid_hb,"ev_cupid_hb1.png, ev_cupid_hb2.png, ev_cupid_hb3.png, ev_cupid_hb4.png, ev_cupid_hb5.png, ev_cupid_hb6.png",6,0,,,
curseloreley_hb,"ev_curseloreley_hb01.png, ev_curseloreley_hb02.png, ev_curseloreley_hb03.png, ev_curseloreley_hb04.png, ev_curseloreley_hb05.png, ev_curseloreley_hb06.png, ev_curseloreley_hb07.png, ev_curseloreley_hb08.png, ev_curseloreley_hb09.png, ev_curseloreley_hb10.png, ev_curseloreley_hb11.png",11,,,,
curseloreley_hd,"ev_curseloreley_hd01.png, ev_curseloreley_hd02.png, ev_curseloreley_hd03.png, ev_curseloreley_hd04.png, ev_curseloreley_hd05.png, ev_curseloreley_hd06.png, ev_curseloreley_hd07.png, ev_curseloreley_hd08.png, ev_curseloreley_hd09.png, ev_curseloreley_hd10.png, ev_curseloreley_hd11.png",11,0,,,
d_fighter_ha,"ev_d_fighter_ha01.png, ev_d_fighter_ha02.png, ev_d_fighter_ha03.png, ev_d_fighter_ha04.png, ev_d_fighter_ha05.png, ev_d_fighter_ha06.png, ev_d_fighter_ha07.png, ev_d_fighter_ha08.png, ev_d_fighter_ha09.png, ev_d_fighter_ha10.png",10,,,,
d_fighter_hb,"ev_d_fighter_hb1.png, ev_d_fighter_hb2.png, ev_d_fighter_hb3.png, ev_d_fighter_hb4.png, ev_d_fighter_hb5.png, ev_d_fighter_hb6.png, ev_d_fighter_hb7.png",7,,,,
d_scylla_ha,"ev_d_scylla_ha01.png, ev_d_scylla_ha02.png, ev_d_scylla_ha03.png, ev_d_scylla_ha04.png, ev_d_scylla_ha05.png, ev_d_scylla_ha06.png, ev_d_scylla_ha07.png, ev_d_scylla_ha08.png, ev_d_scylla_ha09.png, ev_d_scylla_ha10.png, ev_d_scylla_ha11.png, ev_d_scylla_ha12.png, ev_d_scylla_ha13.png, ev_d_scylla_ha14.png, ev_d_scylla_ha15.png, ev_d_scylla_ha16.png, ev_d_scylla_ha17.png, ev_d_scylla_ha18.png, ev_d_scylla_ha19.png",19,,,,
d_succubus_hb,"ev_d_succubus_hb1.png, ev_d_succubus_hb2.png",2,,,,
d_succubus_hc,"ev_d_succubus_hc1.png, ev_d_succubus_hc2.png, ev_d_succubus_hc3.png",3,,,,
d_succubus_hd,"ev_d_succubus_hd1.png, ev_d_succubus_hd2.png, ev_d_succubus_hd3.png, ev_d_succubus_hd4.png, ev_d_succubus_hd5.png",5,,,,
d_succubus_he,"ev_d_succubus_he1.png, ev_d_succubus_he2.png, ev_d_succubus_he3.png",3,,,,
d_succubus_hf,"ev_d_succubus_hf1.png, ev_d_succubus_hf2.png, ev_d_succubus_hf3.png, ev_d_succubus_hf4.png, ev_d_succubus_hf5.png",5,,,,
dagon_cta,"ev_dagon_ct01a.png, ev_dagon_ct01.png",2,,,,
dagon_h,"ev_dagon_h1.png, ev_dagon_h2.png, ev_dagon_h3.png, ev_dagon_h4.png, ev_dagon_h5.png, ev_dagon_h6.png, ev_dagon_ct01.png, ev_dagon_ct02.png, ev_dagon_ct03.png, ev_dagon_ct04.png, ev_dagon_ct05.png",11,,,,
daimeikai_h,"ev_daimeikai_h1.png, ev_daimeikai_h2.png, ev_daimeikai_h3.png, ev_daimeikai_h4.png",4,,,,
dakki_h,"ev_dakki_h1.png, ev_dakki_h2.png, ev_dakki_h3.png, ev_dakki_h4.png, ev_dakki_h5.png, ev_dakki_h6.png, ev_dakki_h7.png, ev_dakki_h8.png, ev_dakki_h9.png",9,,,,
darkphenix_ha,"ev_darkphenix_ha1.png, ev_darkphenix_ha2.png, ev_darkphenix_ha3.png",3,,,,
darkphenix_hb,"ev_darkphenix_hb1.png, ev_darkphenix_hb2.png, ev_darkphenix_hb3.png",3,,,,
darkphenix_hd,"ev_darkphenix_hd1.png, ev_darkphenix_hd2.png, ev_darkphenix_hd3.png, ev_darkphenix_hd4.png, ev_darkphenix_hd5.png, ev_darkphenix_hd6.png, ev_darkphenix_hd7.png, ev_darkphenix_hd8.png",8,,,,
datyou_h,"ev_datyou_h1.png, ev_datyou_h2.png, ev_datyou_h3.png, ev_datyou_h4.png, ev_datyou_h5.png, ev_datyou_h6.png, ev_datyou_h7.png",7,,,,
delh_a_h,"ev_delh_a_h1.png, ev_delh_a_h2.png, ev_delh_a_h3.png",3,,,,
delh_b_h,"ev_delh_b_h1.png, ev_delh_b_h2.png, ev_delh_b_h3.png, ev_delh_b_h4.png, ev_delh_b_h5.png, ev_delh_b_h1a.png, ev_delh_b_h2a.png, ev_delh_b_h3a.png, ev_delh_b_h4a.png",9,,,,
deusex_ha,"ev_deusex_ha1.png, ev_deusex_ha2.png, ev_deusex_ha3.png, ev_deusex_ha4.png, ev_deusex_ha5.png",5,,,,
deusex_hb,"ev_deusex_hb1.png, ev_deusex_hb2.png, ev_deusex_hb3.png, ev_deusex_hb4.png",4,,,,
deusex_hc,"ev_deusex_hc1.png, ev_deusex_hc2.png, ev_deusex_hc3.png, ev_deusex_hc4.png, ev_deusex_hc5.png, ev_deusex_hc6.png",6,,,,
dina_h,"ev_dina_h1.png, ev_dina_h2.png, ev_dina_h3.png, ev_dina_h4.png, ev_dina_h5.png, ev_dina_h6.png, ev_dina_ct01.png, ev_dina_ct02.png, ev_dina_ct03.png, ev_dina_ct04.png",10,3,,,3
dodome_ct,"ev_dodome_ct01.png, ev_dodome_ct02.png, ev_dodome_ct03.png",3,,,,
dodome_h,"ev_dodome_h1.png, ev_dodome_h2.png, ev_dodome_h3.png, ev_dodome_h4.png, ev_dodome_h5.png, ev_dodome_h6.png, ev_dodome_h7.png, ev_dodome_h8.png",8,,,,
dog_h,"ev_dog_h1.png, ev_dog_h2.png, ev_dog_h3.png, ev_dog_h4.png, ev_dog_h5.png, ev_dog_h6.png, ev_dog_h7.png, ev_dog_h8.png",8,1,,,1
doll_ha,"ev_doll_ha1.png, ev_doll_ha2.png, ev_doll_ha3.png",3,,,,
doll_hb,"ev_doll_hb1.png, ev_doll_hb2.png, ev_doll_hb3.png",3,,,,
doll_hc,"ev_doll_hc01.png, ev_doll_hc02.png, ev_doll_hc03.png, ev_doll_hc04.png, ev_doll_hc05.png, ev_doll_hc06.png, ev_doll_hc07.png, ev_doll_hc08.png, ev_doll_hc09.png, ev_doll_hc10.png, ev_doll_hc11.png, ev_doll_hc12.png",12,,,,
doll_itai_hb,"ev_doll_itai_hb01.png, ev_doll_itai_hb02.png, ev_doll_itai_hb03.png, ev_doll_itai_hb04.png, ev_doll_itai_hb05.png, ev_doll_itai_hb06.png, ev_doll_itai_hb07.png, ev_doll_itai_hb08.png, ev_doll_itai_hb09.png, ev_doll_itai_hb10.png, ev_doll_itai_hb11.png",11,,,,
doll_itai_hc,"ev_doll_itai_hc01.png, ev_doll_itai_hc02.png, ev_doll_itai_hc03.png, ev_doll_itai_hc04.png, ev_doll_itai_hc05.png, ev_doll_itai_hc06.png, ev_doll_itai_hc07.png, ev_doll_itai_hc08.png, ev_doll_itai_hc09.png, ev_doll_itai_hc10.png, ev_doll_itai_hc11.png, ev_doll_itai_hc12.png",12,,,,
dolladolla_hb,"ev_dolladolla_hb01.png, ev_dolladolla_hb02.png, ev_dolladolla_hb03.png, ev_dolladolla_hb04.png, ev_dolladolla_hb05.png, ev_dolladolla_hb06.png, ev_dolladolla_hb07.png, ev_dolladolla_hb08.png, ev_dolladolla_hb09.png, ev_dolladolla_hb10.png, ev_dolladolla_hb11.png",11,,,,
dolladolla_hc,"ev_dolladolla_hc01.png, ev_dolladolla_hc02.png, ev_dolladolla_hc03.png, ev_dolladolla_hc04.png, ev_dolladolla_hc05.png, ev_dolladolla_hc06.png, ev_dolladolla_hc07.png, ev_dolladolla_hc08.png, ev_dolladolla_hc09.png, ev_dolladolla_hc10.png, ev_dolladolla_hc11.png",11,,,,
dondaria_h,"ev_dondaria_h1.png, ev_dondaria_h2.png, ev_dondaria_h3.png",3,,,,
doppele_ha,"ev_doppele_ha1.png, ev_doppele_ha2.png, ev_doppele_ha3.png",3,,,,
doppele_hb,"ev_doppele_hb1.png, ev_doppele_hb2.png, ev_doppele_hb3.png",3,,,,
doppele_hc,"ev_doppele_hc1.png, ev_doppele_hc2.png, ev_doppele_hc3.png",3,,,,
doppele_hd,"ev_doppele_hd1.png, ev_doppele_hd2.png, ev_doppele_hd3.png",3,,,,
doppele_he,"ev_doppele_he1.png, ev_doppele_he2.png, ev_doppele_he3.png",3,,,,
doppele_hf,"ev_doppele_hf1.png, ev_doppele_hf2.png, ev_doppele_hf3.png",3,,,,
doppele_hg,"ev_doppele_hg1.png, ev_doppele_hg2.png, ev_doppele_hg3.png",3,,,,
doppele_hh,"ev_doppele_hh1.png, ev_doppele_hh2.png, ev_doppele_hh3.png, ev_doppele_hh4.png",4,,,,
doppele_hi,"ev_doppele_hi1.png, ev_doppele_hi2.png, ev_doppele_hi3.png, ev_doppele_hi4.png",4,,,,
dorothy_h,"ev_dorothy_h1.png, ev_dorothy_h2.png, ev_dorothy_h3.png, ev_dorothy_h4.png, ev_dorothy_h5.png, ev_dorothy_h6.png, ev_dorothy_ct01.png, ev_dorothy_ct02.png, ev_dorothy_ct03.png, ev_dorothy_ct04.png",10,,,,
doubleundead_h,"ev_doubleundead_h1.png, ev_doubleundead_h2.png, ev_doubleundead_h3.png, ev_doubleundead_h4.png, ev_doubleundead_h5.png, ev_doubleundead_h6.png",6,,,,
dragon_h,"ev_dragon_h1.png, ev_dragon_h2.png, ev_dragon_h3.png, ev_dragon_h4.png",4,,,,
dragonbone_hd,"ev_dragonbone_hd1.png, ev_dragonbone_hd2.png, ev_dragonbone_hd3.png, ev_dragonbone_hd4.png, ev_dragonbone_hd5.png, ev_dragonbone_hd6.png",6,,,,
dragonhead_h,"ev_dragonhead_h1.png, ev_dragonhead_h2.png, ev_dragonhead_h3.png, ev_dragonhead_h4.png, ev_dragonhead_h5.png",5,,,,
dragonp_h,"ev_dragonp_h1.png, ev_dragonp_h2.png, ev_dragonp_h3.png, ev_dragonp_h4.png",4,,,,
dragonp_hb,"ev_dragonp_hb1.png, ev_dragonp_hb2.png, ev_dragonp_hb3.png, ev_dragonp_hb4.png, ev_dragonp_hb5.png, ev_dragonp_hb6.png, ev_dragonp_hb7.png, ev_dragonp_hb8.png, ev_dragonp_hb9.png",9,,,,
dragonp_hc,"ev_dragonp_hc1.png, ev_dragonp_hc2.png, ev_dragonp_hc3.png, ev_dragonp_hc4.png, ev_dragonp_hc5.png, ev_dragonp_hc6.png, ev_dragonp_hc7.png, ev_dragonp_hc8.png, ev_dragonp_hc9.png",9,,,,
dragonzonbe_ha,"ev_dragonzonbe_ha1.png, ev_dragonzonbe_ha2.png, ev_dragonzonbe_ha3.png",3,,,,
dragonzonbe_hb,"ev_dragonzonbe_hb1.png, ev_dragonzonbe_hb2.png, ev_dragonzonbe_hb3.png, ev_dragonzonbe_hb4.png",4,,,,
drainloid_ct,"ev_drainloid_ct01.png, ev_drainloid_ct02.png",2,,,,
drainloid_ha,"ev_drainloid_ha01.png, ev_drainloid_ha02.png, ev_drainloid_ha03.png, ev_drainloid_ha04.png, ev_drainloid_ha05.png, ev_drainloid_ha06.png, ev_drainloid_ha07.png, ev_drainloid_ha08.png, ev_drainloid_ha09.png, ev_drainloid_ha10.png, ev_drainloid_ha11.png, ev_drainloid_ha12.png, ev_drainloid_ha13.png, ev_drainloid_ha14.png, ev_drainloid_ha15.png, ev_drainloid_ha16.png, ev_drainloid_ha17.png, ev_drainloid_ha18.png, ev_drainloid_ha19.png, ev_drainloid_ha20.png, ev_drainloid_ha21.png, ev_drainloid_ha22.png, ev_drainloid_ha23.png, ev_drainloid_ha24.png, ev_drainloid_ha25.png, ev_drainloid_ha26.png, ev_drainloid_ha27.png, ev_drainloid_ha28.png, ev_drainloid_ha29.png, ev_drainloid_ha30.png, ev_drainloid_ha31.png, ev_drainloid_ha32.png, ev_drainloid_ha33.png, ev_drainloid_ha34.png, ev_drainloid_ha35.png, ev_drainloid_ha36.png, ev_drainloid_ha37.png, ev_drainloid_ha38.png, ev_drainloid_ha39.png, ev_drainloid_ha40.png",40,,,,
drainloid_hb,"ev_drainloid_hb01.png, ev_drainloid_hb02.png, ev_drainloid_hb03.png, ev_drainloid_hb04.png, ev_drainloid_hb05.png, ev_drainloid_hb06.png, ev_drainloid_hb07.png, ev_drainloid_hb08.png, ev_drainloid_hb09.png, ev_drainloid_hb10.png, ev_drainloid_hb11.png, ev_drainloid_hb12.png, ev_drainloid_hb13.png, ev_drainloid_hb14.png, ev_drainloid_hb15.png, ev_drainloid_hb16.png",16,,,,
drainloid_hb2,"ev_drainloid_hb17.png, ev_drainloid_hb18.png, ev_drainloid_hb19.png, ev_drainloid_hb20.png, ev_drainloid_hb21.png, ev_drainloid_hb22.png, ev_drainloid_hb23.png, ev_drainloid_hb24.png, ev_drainloid_hb25.png, ev_drainloid_hb26.png, ev_drainloid_hb27.png, ev_drainloid_hb28.png, ev_drainloid_hb29.png, ev_drainloid_hb30.png, ev_drainloid_hb31.png, ev_drainloid_hb32.png, ev_drainloid_hb33.png",17,,,,
drainplant_st,"ev_drainplant_st11.png, ev_drainplant_st12.png, ev_drainplant_st13.png, ev_drainplant_st21.png, ev_drainplant_ct01.png, ev_drainplant_ct02.png, ev_drainplant_ct03.png, ev_drainplant_ct04.png, ev_drainplant_ct05.png, ev_drainplant_ct06.png",10,,,,
dryad_ha,"ev_dryad_ha1.png, ev_dryad_ha2.png, ev_dryad_ha3.png, ev_dryad_ha4.png, ev_dryad_ha5.png, ev_dryad_ha6.png",6,,,,
dryad_hb,"ev_dryad_hb1.png, ev_dryad_hb2.png, ev_dryad_hb3.png, ev_dryad_hb4.png, ev_dryad_hb5.png, ev_dryad_hb6.png, ev_dryad_hb7.png, ev_dryad_hb8.png",8,,,,
dryad_hc,"ev_dryad_hc1.png, ev_dryad_hc2.png, ev_dryad_hc3.png, ev_dryad_hc4.png, ev_dryad_hc5.png, ev_dryad_hc6.png, ev_dryad_hc7.png",7,,,,
durahan_h,"ev_durahan_h1.png, ev_durahan_h2.png, ev_durahan_h3.png, ev_durahan_h4.png, ev_durahan_h5.png, ev_durahan_h6.png, ev_durahan_h7.png, ev_durahan_h8.png",8,,,,
e_scyulla_ct,"ev_e_scyulla_ct01.png, ev_e_scyulla_ct02.png, ev_e_scyulla_ct03.png, ev_e_scyulla_ct11.png, ev_e_scyulla_ct12.png",5,,,,
e_scyulla_ha,"ev_e_scyulla_ha1.png, ev_e_scyulla_ha2.png, ev_e_scyulla_ha3.png, ev_e_scyulla_ha4.png",4,,,,
e_scyulla_hb,"ev_e_scyulla_hb1.png, ev_e_scyulla_hb2.png, ev_e_scyulla_hb3.png",3,,,,
e_vampire_h,"ev_e_vampire_h1.png, ev_e_vampire_h2.png, ev_e_vampire_h3.png, ev_e_vampire_h4.png, ev_e_vampire_h5.png, ev_e_vampire_h6.png",6,,,,
eater_h,"ev_eater_h01.png, ev_eater_h02.png, ev_eater_h03.png, ev_eater_h04.png, ev_eater_h05.png, ev_eater_h06.png, ev_eater_h07.png, ev_eater_h08.png, ev_eater_h09.png, ev_eater_h10.png, ev_eater_h11.png, ev_eater_h12.png, ev_eater_h13.png, ev_eater_h14.png, ev_eater_h15.png, ev_eater_h16.png, ev_eater_h17.png, ev_eater_h18.png, ev_eater_h19.png, ev_eater_h20.png, ev_eater_h21.png, ev_eater_h22.png, ev_eater_h23.png, ev_eater_h24.png, ev_eater_h25.png, ev_eater_h26.png, ev_eater_h27.png, ev_eater_h28.png, ev_eater_h29.png, ev_eater_h30.png, ev_eater_h31.png, ev_eater_h32.png, ev_eater_h33.png, ev_eater_h34.png, ev_eater_h35.png, ev_eater_h36.png",36,,,,
echidna_ha,"ev_echidna_ha1.png, ev_echidna_ha2.png, ev_echidna_ha3.png, ev_echidna_ha4.png, ev_echidna_ha5.png, ev_echidna_ha6.png",6,,,,
echidna_hb,"ev_echidna_hb1.png, ev_echidna_hb2.png, ev_echidna_hb3.png, ev_echidna_hb4.png",4,,,,
echidna_hc,"ev_echidna_hc1.png, ev_echidna_hc2.png, ev_echidna_hc3.png",3,,,,
echidna_hd,"ev_echidna_hd1.png, ev_echidna_hd2.png, ev_echidna_hd3.png, ev_echidna_hd4.png, ev_echidna_hd5.png, ev_echidna_hd6.png, ev_echidna_hd7.png, ev_echidna_hd8.png, ev_echidna_hd9.png",9,,,,
echidna_he,"ev_echidna_he1.png, ev_echidna_he2.png",2,,,,
echidna_hf,"ev_echidna_hf1.png, ev_echidna_hf2.png, ev_echidna_hf3.png, ev_echidna_hf4.png, ev_echidna_hf5.png",5,,,,
echidna_hg,"ev_echidna_hg1.png, ev_echidna_hg2.png, ev_echidna_hg3.png",3,,,,
eden_ha,"ev_eden_ha1.png, ev_eden_ha2.png, ev_eden_ha3.png, ev_eden_ha4.png",4,,,,
eden_hb,"ev_eden_hb1.png, ev_eden_hb2.png, ev_eden_hb3.png, ev_eden_hb4.png",4,,,,
eden_hc,"ev_eden_hc1.png, ev_eden_hc2.png, ev_eden_hc3.png, ev_eden_hc4.png",4,0,,,
eden_hd,"ev_eden_hd1.png, ev_eden_hd2.png, ev_eden_hd3.png, ev_eden_hd4.png",4,,,,
eden_he,"ev_eden_he1.png",1,,,,
eden_hf,"ev_eden_hf1.png",1,,,,
eden_hg,"ev_eden_hg1.png",1,,,,
eden_hh,"ev_eden_hh1.png, ev_eden_hh2.png, ev_eden_hh3.png, ev_eden_hh4.png",4,,,,
eden_hi,"ev_eden_hi1.png, ev_eden_hi2.png, ev_eden_hi3.png, ev_eden_hi4.png",4,,,,
eden_hj,"ev_eden_hj1.png, ev_eden_hj2.png, ev_eden_hj3.png, ev_eden_hj4.png",4,,,,
ediniel_h,"ev_ediniel_h1.png, ev_ediniel_h2.png, ev_ediniel_h3.png, ev_ediniel_h4.png, ev_ediniel_h5.png, ev_ediniel_h6.png, ev_ediniel_h7.png, ev_ediniel_h8.png, ev_ediniel_h9.png",9,,,,
eggel_ha,"ev_eggel_ha1.png, ev_eggel_ha2.png, ev_eggel_ha3.png, ev_eggel_ha4.png, ev_eggel_ha5.png",5,,,,
eggel_hb,"ev_eggel_hb1.png, ev_eggel_hb2.png, ev_eggel_hb3.png, ev_eggel_hb4.png, ev_eggel_hb5.png, ev_eggel_hb6.png",6,,,,
ek_mermaid_h,"ev_ek_mermaid_h1.png, ev_ek_mermaid_h2.png, ev_ek_mermaid_h3.png, ev_ek_mermaid_h4.png",4,,,,
elf_h,"ev_elf_h1.png, ev_elf_h2.png, ev_elf_h3.png, ev_elf_h4.png, ev_elf_h5.png",5,,,,
elfhime_ha,"ev_elfhime_ha1.png, ev_elfhime_ha2.png, ev_elfhime_ha3.png, ev_elfhime_ha4.png, ev_elfhime_ha5.png",5,,,,
elfhime_hb,"ev_elfhime_hb1.png, ev_elfhime_hb2.png, ev_elfhime_hb3.png, ev_elfhime_hb4.png, ev_elfhime_hb5.png, ev_elfhime_hb6.png, ev_elfhime_hb7.png",7,,,,
elfhime_hc,"ev_elfhime_hc1.png, ev_elfhime_hc2.png, ev_elfhime_hc3.png, ev_elfhime_hc4.png, ev_elfhime_hc5.png, ev_elfhime_hc6.png, ev_elfhime_hc7.png, ev_elfhime_ct01.png, ev_elfhime_ct02.png, ev_elfhime_ct03.png, ev_elfhime_ct04.png, ev_elfhime_ct05.png, ev_elfhime_ct06.png, ev_elfhime_ct07.png",14,,,,
elgemini_h,"ev_elgemini_h01.png, ev_elgemini_h02.png, ev_elgemini_h03.png, ev_elgemini_h04.png, ev_elgemini_h05.png, ev_elgemini_h06.png, ev_elgemini_h07.png, ev_elgemini_h08.png, ev_elgemini_h09.png, ev_elgemini_h10.png, ev_elgemini_h11.png, ev_elgemini_h12.png",12,,,,
elis_ha,"ev_elis_ha1.png, ev_elis_ha2.png, ev_elis_ha3.png, ev_elis_ha4.png, ev_elis_ha5.png, ev_elis_ha6.png",6,,,,
elis_hd,"ev_elis_hd1.png, ev_elis_hd2.png",2,,,,
elisabeth_ct,"ev_elisabeth_ct01.png, ev_elisabeth_ct02.png",2,,,,
elisabeth_ha,"ev_elisabeth_ha1.png, ev_elisabeth_ha2.png, ev_elisabeth_ha3.png, ev_elisabeth_ha4.png, ev_elisabeth_ha5.png, ev_elisabeth_ha6.png, ev_elisabeth_ha7.png",7,,,,
elisabeth_hb,"ev_elisabeth_hb1.png, ev_elisabeth_hb2.png, ev_elisabeth_hb3.png, ev_elisabeth_hb4.png, ev_elisabeth_hb5.png, ev_elisabeth_hb6.png, ev_elisabeth_hb7.png",7,,,,
emily_ct,"ev_emily_ct01.png, ev_emily_ct02.png, ev_emily_ct03.png, ev_emily_ct04.png, ev_emily_ct05.png, ev_emily_h1.png, ev_emily_h2.png, ev_emily_h3.png, ev_emily_h4.png",9,,,,
emily_h,"ev_emily_h5.png, ev_emily_h6.png",2,,,,
end1_h,"ev_end1_h1.png, ev_end1_h2.png, ev_end1_h3.png, ev_end1_h4.png, ev_end1_h5.png, ev_end1_h6.png",6,,,,
end3_h,"ev_end3_h1.png, ev_end3_h2.png, ev_end3_h3.png, ev_end3_h4.png",4,,,,
end6_h,"ev_end6_h1.png, ev_end6_h2.png, ev_end6_h3.png, ev_end6_h4.png, ev_end6_h5.png",5,,,,
end7_h,"ev_end7_h1.png, ev_end7_h2.png, ev_end7_h3.png",3,,,,
endiel_ct,"ev_endiel_ct01.png, ev_endiel_ct02.png, ev_endiel_ct03.png, ev_endiel_ct04.png",4,,,,
endiel_h,"ev_endiel_h1.png, ev_endiel_h2.png, ev_endiel_h3.png, ev_endiel_h4.png, ev_endiel_h5.png, ev_endiel_h6.png, ev_endiel_h7.png",7,,,,
enenra_ha,"ev_enenra_ha1.png, ev_enenra_ha2.png, ev_enenra_ha3.png, ev_enenra_ha4.png",4,,,,
enenra_hb,"ev_enenra_hb1.png, ev_enenra_hb2.png, ev_enenra_hb3.png, ev_enenra_hb4.png, ev_enenra_hb5.png, ev_enenra_hb6.png, ev_enenra_ct01.png, ev_enenra_ct02.png",8,,,,
erbetie_har,"ev_erbetie_ha1r.png, ev_erbetie_ha2r.png, ev_erbetie_ha3r.png, ev_erbetie_ha4r.png",4,,,,
erbetie_hbr,"ev_erbetie_hb1r.png, ev_erbetie_hb2r.png, ev_erbetie_hb3r.png, ev_erbetie_hb4r.png, ev_erbetie_hb5r.png",5,,,,
erbetie_hc,"ev_erbetie_hc1.png, ev_erbetie_hc2.png, ev_erbetie_hc3.png, ev_erbetie_hc4.png",4,,,,
erbetie_he,"ev_erbetie_he1.png, ev_erbetie_he2.png, ev_erbetie_he3.png, ev_erbetie_he4.png, ev_erbetie_he5.png, ev_erbetie_he6.png",6,,,,
est_h,"ev_est_h1.png, ev_est_h2.png, ev_est_h3.png, ev_est_h4.png, ev_est_h5.png, ev_est_h6.png",6,,,,
esuccubus_h,"ev_esuccubus_h1.png, ev_esuccubus_h2.png, ev_esuccubus_h3.png, ev_esuccubus_h4.png",4,,,,
eva_ct,"ev_eva_ct01.png, ev_eva_ct02.png, ev_eva_ct03.png, ev_eva_ct04.png",4,,,,
eva_ct1,"ev_eva_ct11.png, ev_eva_ct12.png, ev_eva_ct13.png, ev_eva_ct14.png",4,,,,
eva_ct2,"ev_eva_ct21.png, ev_eva_ct22.png, ev_eva_ct23.png, ev_eva_ct24.png",4,,,,
eva_ct3,"ev_eva_ct31.png, ev_eva_ct32.png, ev_eva_ct33.png, ev_eva_ct34.png",4,,,,
eva_ha,"ev_eva_ha1.png, ev_eva_ha2.png, ev_eva_ha3.png, ev_eva_ha4.png, ev_eva_ha5.png, ev_eva_ha6.png",6,,,,
eva_hb,"ev_eva_hb1.png, ev_eva_hb2.png, ev_eva_hb3.png, ev_eva_hb4.png, ev_eva_hb5.png, ev_eva_hb6.png",6,,,,
eva_hc,"ev_eva_hc1.png, ev_eva_hc2.png, ev_eva_hc3.png, ev_eva_hc4.png",4,,,,
evaq_h,"ev_evaq_h01.png, ev_evaq_h02.png, ev_evaq_h03.png, ev_evaq_h04.png, ev_evaq_h05.png, ev_evaq_h06.png, ev_evaq_h07.png, ev_evaq_h08.png, ev_evaq_h09.png, ev_evaq_h10.png",10,,,,
evaq_hb,"ev_evaq_hb01.png, ev_evaq_hb02.png, ev_evaq_hb03.png, ev_evaq_hb04.png, ev_evaq_hb05.png, ev_evaq_hb06.png, ev_evaq_hb07.png, ev_evaq_hb08.png, ev_evaq_hb09.png, ev_evaq_hb10.png",10,,,,
evilprant_h,"ev_evilprant_h1.png, ev_evilprant_h2.png, ev_evilprant_h3.png, ev_evilprant_h4.png, ev_evilprant_h5.png",5,,,,
ex_sonia_ha,"ev_ex_sonia_ha1.png, ev_ex_sonia_ha2.png, ev_ex_sonia_ha3.png, ev_ex_sonia_ha4.png, ev_ex_sonia_ct01.png, ev_ex_sonia_ct02.png, ev_ex_sonia_ct03.png, ev_ex_sonia_ct04.png",8,,,,
ex_sonia_hb,"ev_ex_sonia_hb1.png, ev_ex_sonia_hb2.png, ev_ex_sonia_hb3.png, ev_ex_sonia_hb4.png, ev_ex_sonia_ct01.png, ev_ex_sonia_ct02.png, ev_ex_sonia_ct03.png, ev_ex_sonia_ct04.png",8,,,,
ex_sonia_hc,"ev_ex_sonia_hc1.png, ev_ex_sonia_hc2.png, ev_ex_sonia_hc3.png, ev_ex_sonia_hc4.png, ev_ex_sonia_ct01.png, ev_ex_sonia_ct02.png, ev_ex_sonia_ct03.png, ev_ex_sonia_ct04.png",8,,,,
executioner_h,"ev_executioner_h1.png, ev_executioner_h2.png, ev_executioner_h3.png, ev_executioner_h4.png, ev_executioner_h5.png",5,,,,
executioner_hb,"ev_executioner_hb1.png, ev_executioner_hb2.png, ev_executioner_hb3.png, ev_executioner_hb4.png, ev_executioner_hb5.png",5,,,,
exkyubi_ha,"ev_exkyubi_ha1.png, ev_exkyubi_ha2.png, ev_exkyubi_ha3.png, ev_exkyubi_ha4.png, ev_exkyubi_ha5.png",5,,,,
exkyubi_hb,"ev_exkyubi_hb1.png, ev_exkyubi_hb2.png, ev_exkyubi_hb3.png, ev_exkyubi_hb4.png, ev_exkyubi_hb5.png",5,,,,
exsera_ha,"ev_exsera_ha01.png, ev_exsera_ha02.png, ev_exsera_ha03.png, ev_exsera_ha04.png, ev_exsera_ha05.png, ev_exsera_ha06.png, ev_exsera_ha07.png",7,,,,
exsera_hb,"ev_exsera_hb01.png, ev_exsera_hb02.png, ev_exsera_hb03.png, ev_exsera_hb04.png, ev_exsera_hb05.png, ev_exsera_hb06.png, ev_exsera_hb07.png, ev_exsera_hb08.png",8,,,,
f_alraune_h,"ev_f_alraune_h01.png, ev_f_alraune_h02.png, ev_f_alraune_h03.png, ev_f_alraune_h04.png, ev_f_alraune_h05.png, ev_f_alraune_h06.png, ev_f_alraune_h07.png, ev_f_alraune_h08.png, ev_f_alraune_h09.png",9,,,,
f_dryad_h,"ev_f_dryad_h01.png, ev_f_dryad_h02.png, ev_f_dryad_h03.png, ev_f_dryad_h04.png, ev_f_dryad_h05.png, ev_f_dryad_h06.png, ev_f_dryad_h07.png, ev_f_dryad_h08.png, ev_f_dryad_h09.png, ev_f_dryad_h10.png, ev_f_dryad_h11.png, ev_f_dryad_h12.png, ev_f_dryad_h13.png",13,,,,
fairy_ct,"ev_fairy_ct01.png, ev_fairy_ct02.png",2,,,,
fairy_ct1,"ev_fairy_ct11.png, ev_fairy_ct12.png, ev_fairy_ct13.png",3,,,,
fairys_h,"ev_fairys_h1.png, ev_fairys_h2.png, ev_fairys_h3.png, ev_fairys_h4.png, ev_fairys_h5.png",5,,,,
fakejelly_ct,"ev_fakejelly_ct01.png, ev_fakejelly_ct02.png",2,,,,
fakejelly_h,"ev_fakejelly_h1.png, ev_fakejelly_h2.png",2,,,,
fenrir_h,"ev_fenrir_h1.png, ev_fenrir_h2.png, ev_fenrir_h3.png, ev_fenrir_h4.png, ev_fenrir_h5.png, ev_fenrir_h6.png, ev_fenrir_h7.png, ev_fenrir_h8.png",8,0,,,
fermesara_h,"ev_fermesara_h1.png, ev_fermesara_h2.png, ev_fermesara_h3.png, ev_fermesara_ct01.png, ev_fermesara_ct02.png, ev_fermesara_ct03.png, ev_fermesara_ct11.png, ev_fermesara_ct12.png, ev_fermesara_ct13.png",9,,,,
frederika_h,"ev_frederika_h1.png, ev_frederika_h2.png, ev_frederika_h3.png, ev_frederika_h4.png",4,,,,
frederika_hb,"ev_frederika_hb1.png, ev_frederika_hb2.png, ev_frederika_hb3.png",3,,,,
frederika_hc,"ev_frederika_hc1.png, ev_frederika_hc2.png, ev_frederika_hc3.png",3,,,,
frederika_hd,"ev_frederika_hd1.png",1,,,,
frederika_he,"ev_frederika_he1.png, ev_frederika_he2.png, ev_frederika_he3.png, ev_frederika_he4.png, ev_frederika_he5.png, ev_frederika_he6.png",6,,,,
fulbeua_h,"ev_fulbeua_h1.png, ev_fulbeua_h2.png, ev_fulbeua_h3.png, ev_fulbeua_h4.png, ev_fulbeua_h5.png, ev_fulbeua_h6.png, ev_fulbeua_h7.png, ev_fulbeua_h8.png, ev_fulbeua_h9.png",9,,,,
furiel_h,"ev_furiel_h01.png, ev_furiel_h02.png, ev_furiel_h03.png, ev_furiel_h04.png, ev_furiel_h05.png, ev_furiel_h06.png, ev_furiel_h07.png, ev_furiel_h08.png, ev_furiel_h09.png, ev_furiel_h10.png, ev_furiel_h11.png, ev_furiel_h12.png",12,,,,
g_mermaid_ha,"ev_g_mermaid_ha1.png, ev_g_mermaid_ha2.png, ev_g_mermaid_ha3.png",3,,,,
g_mermaid_hb,"ev_g_mermaid_hb1.png, ev_g_mermaid_hb2.png, ev_g_mermaid_hb3.png, ev_g_mermaid_hb4.png, ev_g_mermaid_ct01.png, ev_g_mermaid_ct02.png, ev_g_mermaid_ct03.png, ev_g_mermaid_ct04.png",8,,,,
gaburiera_ha,"ev_gaburiera_ha01.png, ev_gaburiera_ha02.png, ev_gaburiera_ha03.png, ev_gaburiera_ha04.png, ev_gaburiera_ha05.png, ev_gaburiera_ha06.png, ev_gaburiera_ha07.png, ev_gaburiera_ha08.png, ev_gaburiera_ha09.png, ev_gaburiera_ha10.png",10,,,,
gaistvine_ha,"ev_gaistvine_ha1.png, ev_gaistvine_ha2.png",2,,,,
gaistvine_hb,"ev_gaistvine_hb1.png, ev_gaistvine_hb2.png, ev_gaistvine_hb3.png",3,,,,
galda_h,"ev_galda_h1.png, ev_galda_h2.png, ev_galda_h3.png, ev_galda_h4.png, ev_galda_h5.png",5,,,,
galfox_hc,"ev_galfox_hc1.png, ev_galfox_hc2.png, ev_galfox_hc3.png, ev_galfox_hc4.png, ev_galfox_hc5.png",5,,,,
galfox_hd,"ev_galfox_hd1.png, ev_galfox_hd2.png, ev_galfox_hd3.png, ev_galfox_hd4.png, ev_galfox_hd5.png, ev_galfox_hd6.png, ev_galfox_hd7.png",7,,,,
gargoyle_h,"ev_gargoyle_h1.png, ev_gargoyle_h2.png, ev_gargoyle_h3.png, ev_gargoyle_h4.png",4,,,,
gargoyle_st,"ev_gargoyle_st31.png, ev_gargoyle_st32.png, ev_gargoyle_st33.png, ev_gargoyle_st34.png",4,,,,
garukimasera_h,"ev_garukimasera_h1.png, ev_garukimasera_h2.png, ev_garukimasera_h3.png, ev_garukimasera_h4.png, ev_garukimasera_h5.png",5,,,,
garukimasera_hb,"ev_garukimasera_hb1.png, ev_garukimasera_hb2.png, ev_garukimasera_hb3.png, ev_garukimasera_hb4.png, ev_garukimasera_hb5.png",5,,,,
gazer_h,"ev_gazer_h1.png, ev_gazer_h2.png, ev_gazer_h3.png, ev_gazer_h4.png, ev_gazer_h5.png, ev_gazer_h6.png, ev_gazer_h7.png, ev_gazer_h8.png, ev_gazer_h9.png",9,,,,
gelatinous_ct,"ev_gelatinous_ct01.png, ev_gelatinous_ct02.png, ev_gelatinous_ct03.png, ev_gelatinous_ct04.png, ev_gelatinous_st11.png",5,,,,
gelatinous_ha,"ev_gelatinous_ha1.png, ev_gelatinous_ha2.png, ev_gelatinous_ha3.png, ev_gelatinous_ha4.png",4,,,,
gelatinous_hb,"ev_gelatinous_hb1.png, ev_gelatinous_hb2.png, ev_gelatinous_hb3.png, ev_gelatinous_hb4.png, ev_gelatinous_hb5.png",5,,,,
gestalt_h,"ev_gestalt_h1.png, ev_gestalt_h2.png, ev_gestalt_h3.png, ev_gestalt_h4.png",4,,,,
ghatanothoa_ha,"ev_ghatanothoa_ha1.png, ev_ghatanothoa_ha2.png, ev_ghatanothoa_ha3.png",3,,,,
ghost_ct,"ev_ghost_ct01.png, ev_ghost_ct02.png, ev_ghost_ct03.png, ev_ghost_ct04.png, ev_ghost_st11.png",5,,,,
ghost_h,"ev_ghost_h1.png, ev_ghost_h2.png, ev_ghost_h3.png, ev_ghost_h4.png",4,,,,
ghost2_ha,"ev_ghost2_ha1.png, ev_ghost2_ha2.png, ev_ghost2_ha3.png, ev_ghost2_ha4.png, ev_ghost2_ha5.png, ev_ghost2_ha6.png",6,,,,
ghost2_hb,"ev_ghost2_hb1.png, ev_ghost2_hb2.png, ev_ghost2_hb3.png, ev_ghost2_hb4.png, ev_ghost2_hb5.png, ev_ghost2_hb6.png, ev_ghost2_hb7.png",7,,,,
giantsarah_ha,"ev_giantsarah_ha1.png, ev_giantsarah_ha2.png, ev_giantsarah_ha3.png, ev_giantsarah_ha4.png, ev_giantsarah_ha5.png",5,,,,
giantsarah_hb,"ev_giantsarah_hb1.png, ev_giantsarah_hb2.png, ev_giantsarah_hb3.png, ev_giantsarah_hb4.png, ev_giantsarah_hb5.png",5,,,,
gigadryad_h,"ev_gigadryad_h1.png, ev_gigadryad_h2.png, ev_gigadryad_h3.png",3,,,,
gigadryad_h2,"ev_gigadryad_h4.png, ev_gigadryad_h5.png, ev_gigadryad_h6.png, ev_gigadryad_h7.png, ev_gigadryad_h8.png, ev_gigadryad_h9.png, ev_gigadryad_h1.png",7,,,,
gigamander_h,"ev_gigamander_h05.png, ev_gigamander_h06.png, ev_gigamander_h07.png",3,,,,
gigamander_h2,"ev_gigamander_h08.png, ev_gigamander_h09.png, ev_gigamander_h10.png, ev_gigamander_h11.png",4,,,,
gigamander_h3,"ev_gigamander_h01.png, ev_gigamander_h02.png, ev_gigamander_h03.png, ev_gigamander_h04.png",4,,,,
gigantic_ha,"ev_gigantic_ha1.png, ev_gigantic_ha2.png, ev_gigantic_ha3.png, ev_gigantic_ha4.png, ev_gigantic_ha5.png",5,,,,
gigantic_hb,"ev_gigantic_hb1.png, ev_gigantic_hb2.png, ev_gigantic_hb3.png, ev_gigantic_hb4.png",4,,,,
gigantweapon_h,"ev_gigantweapon_h1.png, ev_gigantweapon_h2.png, ev_gigantweapon_h3.png, ev_gigantweapon_h4.png, ev_gigantweapon_h5.png, ev_gigantweapon_h6.png",6,,,,
gigaslime_h,"ev_gigaslime_h1.png, ev_gigaslime_h2.png, ev_gigaslime_h3.png, ev_gigaslime_h4.png, ev_gigaslime_h5.png, ev_gigaslime_h6.png, ev_gigaslime_h7.png",7,,,,
gilgoon_h,"ev_gilgoon_h1.png, ev_gilgoon_h2.png, ev_gilgoon_h3.png, ev_gilgoon_h4.png, ev_gilgoon_h5.png, ev_gilgoon_h6.png, ev_gilgoon_h7.png, ev_gilgoon_h8.png",8,,,,
giriel_h,"ev_giriel_h1.png, ev_giriel_h2.png, ev_giriel_h3.png, ev_giriel_h4.png, ev_giriel_h5.png, ev_giriel_h6.png",6,,,,
gnomaren_h,"ev_gnomarenh01.png, ev_gnomarenh02.png, ev_gnomarenh03.png, ev_gnomarenh04.png",4,,,,
gnomaren_h2,"ev_gnomarenh01.png, ev_gnomarenh05.png, ev_gnomarenh06.png",3,,,,
gnomaren_h3,"ev_gnomarenh07.png, ev_gnomarenh08.png, ev_gnomarenh09.png, ev_gnomarenh10.png",4,,,,
gnome_h,"ev_gnome_h0.png, ev_gnome_h1.png, ev_gnome_h2.png, ev_gnome_h3.png, ev_gnome_h4.png",5,,,,
gnome_hb,"ev_gnome_hb1.png, ev_gnome_hb2.png, ev_gnome_hb3.png, ev_gnome_hb4.png",4,,,,
gnosis_ha,"ev_gnosis_ha01.png, ev_gnosis_ha02.png, ev_gnosis_ha03.png, ev_gnosis_ha04.png, ev_gnosis_ha05.png, ev_gnosis_ha06.png, ev_gnosis_ha07.png, ev_gnosis_ha08.png, ev_gnosis_ha09.png, ev_gnosis_ha10.png, ev_gnosis_ha11.png, ev_gnosis_ha12.png, ev_gnosis_ha13.png, ev_gnosis_ha14.png, ev_gnosis_ha15.png, ev_gnosis_ha16.png, ev_gnosis_ha17.png, ev_gnosis_ha18.png, ev_gnosis_ha19.png, ev_gnosis_ha20.png, ev_gnosis_ha21.png, ev_gnosis_ha22.png, ev_gnosis_ha23.png, ev_gnosis_ha24.png, ev_gnosis_ha25.png, ev_gnosis_ha26.png, ev_gnosis_ha27.png",27,,,,
gob_h,"ev_gob_h1.png, ev_gob_h2.png, ev_gob_h3.png",3,,,,
gob_ha,"ev_gob_ha0.png, ev_gob_ha1.png, ev_gob_ha2.png, ev_gob_ha3.png, ev_gob_ha4.png, ev_gob_ha5.png",6,,,,
gob_hb,"ev_gob_hb0.png, ev_gob_hb1.png, ev_gob_hb2.png, ev_gob_hb3.png, ev_gob_hb4.png, ev_gob_hb5.png",6,,,,
gob_hc,"ev_gob_hc0.png, ev_gob_hc1.png, ev_gob_hc2.png, ev_gob_hc3.png, ev_gob_hc4.png, ev_gob_hc5.png",6,,,,
gob_hd,"ev_gob_hd0.png, ev_gob_hd1.png, ev_gob_hd2.png, ev_gob_hd3.png, ev_gob_hd4.png, ev_gob_hd5.png",6,,,,
golem_h,"ev_golem_h1.png, ev_golem_h2.png, ev_golem_h3.png, ev_golem_h4.png, ev_golem_h5.png",5,,,,
gool_h,"ev_gool_h1.png, ev_gool_h2.png, ev_gool_h3.png, ev_gool_h4.png, ev_gool_h5.png, ev_gool_h6.png",6,,,,
gran_arachne_ha,"ev_gran_arachne_ha1.png, ev_gran_arachne_ha2.png, ev_gran_arachne_ha3.png, ev_gran_arachne_ha4.png",4,,,,
gran_arachne_hc,"ev_gran_arachne_hc1.png, ev_gran_arachne_hc2.png, ev_gran_arachne_hc3.png, ev_gran_arachne_hc4.png, ev_gran_arachne_hc5.png",5,,,,
gran_centa_ha,"ev_gran_centa_ha1.png, ev_gran_centa_ha2.png, ev_gran_centa_ha3.png",3,,,,
gran_centa_hb,"ev_gran_centa_hb1.png, ev_gran_centa_hb2.png, ev_gran_centa_hb3.png, ev_gran_centa_hb4.png, ev_gran_centa_hb5.png",5,,,,
granabass_ha,"ev_granabass_ha1.png, ev_granabass_ha2.png, ev_granabass_ha3.png, ev_granabass_ha4.png",4,,,,
granabass_hb,"ev_granabass_hb1.png, ev_granabass_hb2.png, ev_granabass_hb3.png, ev_granabass_hb4.png",4,,,,
granberia_ct,"ev_granberia_ct01.png, ev_granberia_ct02.png, ev_granberia_ct03.png, ev_granberia_ct04.png",4,,,,
granberia_ha,"ev_granberia_ha1.png, ev_granberia_ha2.png, ev_granberia_ha3.png, ev_granberia_ha4.png",4,,,,
granberia_hc,"ev_granberia_hc1.png, ev_granberia_hc2.png, ev_granberia_hc3.png, ev_granberia_hc4.png",4,,,,
granberia_hd,"ev_granberia_hd1.png, ev_granberia_hd2.png, ev_granberia_hd3.png, ev_granberia_hd4.png",4,,,,
granberia_he,"ev_granberia_he1.png, ev_granberia_he2.png, ev_granberia_he3.png",3,,,,
granberia_hf,"ev_granberia_hf1.png, ev_granberia_hf2.png, ev_granberia_hf3.png, ev_granberia_ct11.png, ev_granberia_ct12.png, ev_granberia_ct13.png",6,,,,
granberia_hg,"ev_granberia_hg1.png, ev_granberia_hg2.png, ev_granberia_hg3.png, ev_granberia_hg4.png, ev_granberia_hg5.png",5,,,,
granberia_hh,"ev_granberia_hh1.png, ev_granberia_hh2.png, ev_granberia_hh3.png, ev_granberia_hh4.png",4,,,,
grandine_h,"ev_grandine_01.png, ev_grandine_02.png, ev_grandine_03.png, ev_grandine_04.png, ev_grandine_05.png, ev_grandine_06.png, ev_grandine_07.png",7,,,,
grandnoa_h,"ev_grandnoa_h1.png",1,,,,
greatmarman_h,"ev_greatmarman_h1.png, ev_greatmarman_h2.png, ev_greatmarman_h3.png, ev_greatmarman_h4.png, ev_greatmarman_h5.png, ev_greatmarman_h6.png",6,,,,
greatorc_h,"ev_greatorc_h01.png, ev_greatorc_h02.png, ev_greatorc_h03.png, ev_greatorc_h04.png, ev_greatorc_h05.png, ev_greatorc_h06.png, ev_greatorc_h07.png, ev_greatorc_h08.png, ev_greatorc_h09.png, ev_greatorc_h10.png, ev_greatorc_h11.png, ev_greatorc_h12.png",12,,,,
grigori_ha,"ev_grigori_ha1.png, ev_grigori_ha2.png, ev_grigori_ha3.png, ev_grigori_ha4.png, ev_grigori_ct01.png, ev_grigori_ct02.png, ev_grigori_ct03.png, ev_grigori_ct04.png",8,,,,
grigori_hd,"ev_grigori_hd1.png, ev_grigori_hd2.png, ev_grigori_hd3.png",3,,,,
grimoire_h,"ev_grimoire_h1.png, ev_grimoire_h2.png, ev_grimoire_h3.png, ev_grimoire_h4.png, ev_grimoire_h5.png",5,,,,
grizzly_h,"ev_grizzly_h1.png, ev_grizzly_h2.png, ev_grizzly_h3.png, ev_grizzly_h4.png, ev_grizzly_h5.png",5,,,,
h_kamakiri_ha,"ev_h_kamakiri_ha1.png, ev_h_kamakiri_ha2.png, ev_h_kamakiri_ha3.png, ev_h_kamakiri_ha4.png, ev_h_kamakiri_ha5.png, ev_h_kamakiri_ha6.png, ev_h_kamakiri_ha7.png",7,,,,
h_kamakiri_hb,"ev_h_kamakiri_hb1.png, ev_h_kamakiri_hb2.png, ev_h_kamakiri_hb3.png, ev_h_kamakiri_hb4.png, ev_h_kamakiri_hb5.png, ev_h_kamakiri_hb6.png, ev_h_kamakiri_hb7.png",7,,,,
h_mino_ha,"ev_h_mino_ha1.png, ev_h_mino_ha2.png, ev_h_mino_ha3.png, ev_h_mino_ha4.png, ev_h_mino_ha5.png, ev_h_mino_ha6.png, ev_h_mino_ha7.png",7,,,,
h_mino_hb,"ev_h_mino_hb1.png, ev_h_mino_hb2.png, ev_h_mino_hb3.png, ev_h_mino_hb4.png, ev_h_mino_hb5.png, ev_h_mino_hb6.png, ev_h_mino_hb7.png, ev_h_mino_hb8.png",8,,,,
h_mino_hc,"ev_h_mino_hc1.png, ev_h_mino_hc2.png, ev_h_mino_hc3.png, ev_h_mino_hc4.png, ev_h_mino_hc5.png",5,,,,
hainu_h,"ev_hainu_h1.png, ev_hainu_h2.png, ev_hainu_h3.png, ev_hainu_h4.png",4,,,,
hakoiri_ha,"ev_hakoiri_ha01.png, ev_hakoiri_ha02.png, ev_hakoiri_ha03.png, ev_hakoiri_ha04.png, ev_hakoiri_ha05.png, ev_hakoiri_ha06.png, ev_hakoiri_ha07.png, ev_hakoiri_ha08.png, ev_hakoiri_ha09.png, ev_hakoiri_ha10.png, ev_hakoiri_ha11.png, ev_hakoiri_ha12.png, ev_hakoiri_ha13.png",13,,,,
hakutenko_hb,"ev_hakutenko_hb1.png, ev_hakutenko_hb2.png, ev_hakutenko_hb3.png, ev_hakutenko_hb4.png",4,,,,
handyloid_ha,"ev_handyloid_ha1.png, ev_handyloid_ha2.png, ev_handyloid_ha3.png, ev_handyloid_ha4.png, ev_handyloid_ha5.png, ev_handyloid_ha6.png",6,0,,,
handyloid_hb,"ev_handyloid_hb1.png, ev_handyloid_hb2.png, ev_handyloid_hb3.png, ev_handyloid_hb4.png",4,,,,
handyloid_hc,"ev_handyloid_hc1.png, ev_handyloid_hc2.png, ev_handyloid_hc3.png, ev_handyloid_hc4.png, ev_handyloid_hc5.png, ev_handyloid_hc6.png, ev_handyloid_hc7.png",7,,,,
handyloid_hd,"ev_handyloid_hd1.png, ev_handyloid_hd2.png, ev_handyloid_hd3.png",3,,,,
hapy_a_ct,"ev_hapy_a_ct01.png, ev_hapy_a_ct02.png, ev_hapy_a_ct03.png",3,,,,
hapy_a_h,"ev_hapy_a_h1.png, ev_hapy_a_h2.png, ev_hapy_a_h3.png, ev_hapy_a_h4.png, ev_hapy_a_h5.png, ev_hapy_a_h6.png, ev_hapy_a_h7.png, ev_hapy_a_h8.png",8,,,,
hapy_bc_ct,"ev_hapy_bc_ct11.png, ev_hapy_bc_ct12.png, ev_hapy_bc_ct13.png",3,,,,
hapy_bc_ct2,"ev_hapy_bc_ct21.png, ev_hapy_bc_ct22.png, ev_hapy_bc_ct23.png",3,,,,
hapy_bc_ha,"ev_hapy_bc_ha1.png, ev_hapy_bc_ha2.png, ev_hapy_bc_ha3.png, ev_hapy_bc_ha4.png",4,,,,
hapy_bc_hb,"ev_hapy_bc_hb1.png, ev_hapy_bc_hb2.png, ev_hapy_bc_hb3.png",3,,,,
hapy_bc_hc,"ev_hapy_bc_hc1.png, ev_hapy_bc_hc2.png, ev_hapy_bc_ct01.png, ev_hapy_bc_ct02.png, ev_hapy_bc_ct03.png",5,,,,
hargenbeck_ha,"ev_hargenbeck_ha1.png, ev_hargenbeck_ha2.png, ev_hargenbeck_ha3.png, ev_hargenbeck_ha4.png, ev_hargenbeck_ha5.png",5,,,,
hargenbeck_hb,"ev_hargenbeck_hb01.png, ev_hargenbeck_hb02.png, ev_hargenbeck_hb03.png, ev_hargenbeck_hb04.png, ev_hargenbeck_hb05.png, ev_hargenbeck_hb06.png, ev_hargenbeck_hb07.png, ev_hargenbeck_hb08.png, ev_hargenbeck_hb09.png, ev_hargenbeck_hb10.png, ev_hargenbeck_hb11.png",11,,,,
hargenbeck_hc,"ev_hargenbeck_hc01.png, ev_hargenbeck_hc02.png, ev_hargenbeck_hc03.png, ev_hargenbeck_hc04.png",4,,,,
hargenbeck_hc2,"ev_hargenbeck_hc05.png, ev_hargenbeck_hc06.png, ev_hargenbeck_hc07.png, ev_hargenbeck_hc08.png, ev_hargenbeck_hc09.png, ev_hargenbeck_hc10.png, ev_hargenbeck_hc11.png, ev_hargenbeck_hc12.png, ev_hargenbeck_hc13.png, ev_hargenbeck_hc14.png",10,,,,
hasyakusama_ha,"ev_hasyakusama_ha01.png, ev_hasyakusama_ha02.png, ev_hasyakusama_ha03.png, ev_hasyakusama_ha04.png, ev_hasyakusama_ha05.png, ev_hasyakusama_ha06.png, ev_hasyakusama_ha07.png, ev_hasyakusama_ha08.png, ev_hasyakusama_ha09.png, ev_hasyakusama_ha10.png, ev_hasyakusama_ha11.png, ev_hasyakusama_ha12.png, ev_hasyakusama_ha13.png, ev_hasyakusama_ha14.png",14,,,,
hasyakusama_hb,"ev_hasyakusama_hb01.png, ev_hasyakusama_hb02.png, ev_hasyakusama_hb03.png, ev_hasyakusama_hb04.png, ev_hasyakusama_hb05.png, ev_hasyakusama_hb06.png, ev_hasyakusama_hb07.png, ev_hasyakusama_hb08.png, ev_hasyakusama_hb09.png, ev_hasyakusama_hb10.png",10,,,,
hatibi_ct,"ev_hatibi_ct01.png, ev_hatibi_ct02.png, ev_hatibi_ct03.png, ev_hatibi_ct04.png",4,,,,
hatibi_ct2,"ev_hatibi_ct11.png, ev_hatibi_ct12.png, ev_hatibi_ct13.png, ev_hatibi_ct14.png",4,,,,
hatibi_ha,"ev_hatibi_ha1.png, ev_hatibi_ha2.png, ev_hatibi_ha3.png, ev_hatibi_ha4.png, ev_hatibi_ha5.png, ev_hatibi_ha6.png, ev_hatibi_ha7.png",7,,,,
hatibi_hb,"ev_hatibi_hb1.png, ev_hatibi_hb2.png, ev_hatibi_hb3.png, ev_hatibi_hb4.png, ev_hatibi_hb5.png, ev_hatibi_hb6.png, ev_hatibi_hb7.png",7,,,,
hatibi_hc,"ev_hatibi_hc1.png, ev_hatibi_hc2.png, ev_hatibi_hc3.png, ev_hatibi_hc4.png, ev_hatibi_hc5.png",5,,,,
heavensgate_h,"ev_heavensgate_h1.png, ev_heavensgate_h2.png, ev_heavensgate_h3.png, ev_heavensgate_h4.png",4,3,,,3
hekatonkheir_h,"ev_hekatonkheir_h01.png, ev_hekatonkheir_h02.png, ev_hekatonkheir_h03.png, ev_hekatonkheir_h04.png, ev_hekatonkheir_h05.png, ev_hekatonkheir_h06.png, ev_hekatonkheir_h07.png, ev_hekatonkheir_h08.png, ev_hekatonkheir_h09.png, ev_hekatonkheir_h10.png",10,,,,
heriel_ha,"ev_heriel_ha1.png, ev_heriel_ha2.png, ev_heriel_ha3.png, ev_heriel_ha4.png",4,,,,
heriel_hb,"ev_heriel_hb1.png, ev_heriel_hb2.png, ev_heriel_hb3.png, ev_heriel_hb4.png, ev_heriel_ct01.png, ev_heriel_ct02.png, ev_heriel_ct03.png",7,,,,
heriel_hc,"ev_heriel_hc1.png, ev_heriel_hc2.png, ev_heriel_hc3.png, ev_heriel_hc4.png, ev_heriel_hc5.png",5,,,,
heriel_hd,"ev_heriel_hd1.png, ev_heriel_hd2.png, ev_heriel_hd3.png, ev_heriel_hd4.png, ev_heriel_hd5.png",5,,,,
heriel_hd2,"ev_heriel_hd6.png, ev_heriel_hd7.png, ev_heriel_hd8.png, ev_heriel_hd9.png",4,,,,
hero1_h,"ev_hero1_h1.png, ev_hero1_h2.png, ev_hero1_h3.png, ev_hero1_h4.png, ev_hero1_h5.png, ev_hero1_h6.png, ev_hero1_h7.png, ev_hero1_h8.png, ev_hero1_h9.png",9,,,,
hero2_h,"ev_hero2_h01.png, ev_hero2_h02.png, ev_hero2_h03.png, ev_hero2_h04.png, ev_hero2_h05.png, ev_hero2_h06.png, ev_hero2_h07.png, ev_hero2_h08.png, ev_hero2_h09.png, ev_hero2_h10.png",10,,,,
hero3_h,"ev_hero3_h1.png, ev_hero3_h10.png, ev_hero3_h2.png, ev_hero3_h3.png, ev_hero3_h4.png, ev_hero3_h5.png, ev_hero3_h6.png, ev_hero3_h7.png, ev_hero3_h8.png, ev_hero3_h9.png",10,,,,
hero4_h,"ev_hero4_h1.png, ev_hero4_h2.png, ev_hero4_h3.png, ev_hero4_h4.png",4,,,,
hero5_h,"ev_hero5_h1.png, ev_hero5_h2.png, ev_hero5_h3.png, ev_hero5_h4.png, ev_hero5_h5.png",5,,,,
hero6_h,"ev_hero6_h1.png, ev_hero6_h2.png, ev_hero6_h3.png, ev_hero6_h4.png",4,,,,
hero6_hb,"ev_hero6_hb1.png, ev_hero6_hb2.png, ev_hero6_hb3.png, ev_hero6_hb4.png",4,,,,
high_baphomet_h,"ev_high_baphomet_h1.png, ev_high_baphomet_h2.png, ev_high_baphomet_h3.png, ev_high_baphomet_h4.png, ev_high_baphomet_h5.png",5,,,,
highslag_ha,"ev_highslag_ha1.png, ev_highslag_ha2.png, ev_highslag_ha3.png",3,,,,
highslag_hb,"ev_highslag_hb01.png, ev_highslag_hb02.png, ev_highslag_hb03.png, ev_highslag_hb04.png, ev_highslag_hb05.png, ev_highslag_hb06.png, ev_highslag_hb07.png, ev_highslag_hb08.png, ev_highslag_hb09.png, ev_highslag_hb10.png, ev_highslag_ct01.png, ev_highslag_ct02.png, ev_highslag_ct03.png, ev_highslag_ct04.png",14,,,,
highslag_hc,"ev_highslag_hc01.png, ev_highslag_hc02.png, ev_highslag_hc03.png, ev_highslag_hc04.png",4,,,,
highslag_hc2,"ev_highslag_hc05.png, ev_highslag_hc06.png, ev_highslag_hc07.png, ev_highslag_hc08.png",4,,,,
highslag_hc3,"ev_highslag_hc09.png, ev_highslag_hc10.png, ev_highslag_hc11.png, ev_highslag_hc12.png, ev_highslag_hc13.png, ev_highslag_hc14.png, ev_highslag_hc15.png",7,,,,
highslag_hc4,"ev_highslag_hc16.png, ev_highslag_hc17.png, ev_highslag_hc18.png, ev_highslag_hc19.png, ev_highslag_hc20.png, ev_highslag_hc21.png, ev_highslag_hc22.png, ev_highslag_hc23.png, ev_highslag_hc24.png",9,,,,
hiru_h,"ev_hiru_h1.png, ev_hiru_h2.png, ev_hiru_h3.png, ev_hiru_h4.png",4,,,,
hiru_st,"ev_hiru_st11.png, ev_hiru_st12.png, ev_hiru_st13.png, ev_hiru_st14.png, ev_hiru_ct01.png, ev_hiru_ct02.png, ev_hiru_ct03.png, ev_hiru_ct04.png",8,,,,
hiruko_ha,"ev_hiruko_ha01.png, ev_hiruko_ha02.png, ev_hiruko_ha03.png, ev_hiruko_ha04.png, ev_hiruko_ha05.png, ev_hiruko_ha06.png, ev_hiruko_ha07.png, ev_hiruko_ha08.png, ev_hiruko_ha09.png, ev_hiruko_ha10.png, ev_hiruko_ha11.png, ev_hiruko_ha12.png, ev_hiruko_ha13.png, ev_hiruko_ha14.png, ev_hiruko_ha15.png, ev_hiruko_ha16.png, ev_hiruko_ha17.png, ev_hiruko_ha18.png, ev_hiruko_ha19.png, ev_hiruko_ha20.png",20,,,,
hiruko_hc,"ev_hiruko_hc01.png, ev_hiruko_hc02.png, ev_hiruko_hc03.png, ev_hiruko_hc04.png, ev_hiruko_hc05.png, ev_hiruko_hc06.png, ev_hiruko_hc07.png, ev_hiruko_hc08.png, ev_hiruko_hc09.png, ev_hiruko_hc10.png, ev_hiruko_hc11.png, ev_hiruko_hc12.png, ev_hiruko_hc13.png, ev_hiruko_hc14.png, ev_hiruko_hc15.png, ev_hiruko_hc16.png, ev_hiruko_hc17.png",17,,,,
hitodama_ha,"ev_hitodama_ha1.png, ev_hitodama_ha2.png, ev_hitodama_ha3.png, ev_hitodama_ha4.png",4,,,,
hitodama_hb,"ev_hitodama_hb1.png, ev_hitodama_hb2.png, ev_hitodama_hb3.png",3,,,,
hitodama_hc,"ev_hitodama_hc1.png, ev_hitodama_hc2.png, ev_hitodama_hc3.png",3,,,,
hitode_ha,"ev_hitode_ha1.png, ev_hitode_ha2.png, ev_hitode_ha3.png, ev_hitode_ha4.png, ev_hitode_ha5.png, ev_hitode_ha6.png, ev_hitode_ct01.png, ev_hitode_ct02.png, ev_hitode_ct03.png, ev_hitode_ct04.png",10,,,,
hitode_hb,"ev_hitode_hb1.png, ev_hitode_hb2.png, ev_hitode_hb3.png, ev_hitode_hb4.png",4,,,,
hituzi_h,"ev_hituzi_h01.png, ev_hituzi_h02.png, ev_hituzi_h03.png, ev_hituzi_h04.png, ev_hituzi_h05.png, ev_hituzi_h06.png, ev_hituzi_h07.png, ev_hituzi_h08.png",8,,,,
hivemind_ha,"ev_hivemind_ha1.png, ev_hivemind_ha2.png, ev_hivemind_ha3.png, ev_hivemind_ha4.png, ev_hivemind_ha5.png",5,,,,
hivemind_hb,"ev_hivemind_hb1.png, ev_hivemind_hb2.png, ev_hivemind_hb3.png, ev_hivemind_hb4.png, ev_hivemind_hb5.png",5,,,,
holmiel_h,"ev_holmiel_h1.png, ev_holmiel_h2.png, ev_holmiel_h3.png, ev_holmiel_h4.png, ev_holmiel_h5.png",5,,,,
hosikui_h,"ev_hosikui_h1.png, ev_hosikui_h2.png, ev_hosikui_h3.png, ev_hosikui_h4.png, ev_hosikui_h5.png",5,,,,
houshi_ha,"ev_houshi_ha01.png, ev_houshi_ha02.png, ev_houshi_ha03.png, ev_houshi_ha04.png, ev_houshi_ha05.png, ev_houshi_ha06.png, ev_houshi_ha07.png, ev_houshi_ha08.png, ev_houshi_ha09.png, ev_houshi_ha10.png, ev_houshi_ha11.png",11,,,,
houshi_hc,"ev_houshi_hc01.png, ev_houshi_hc02.png, ev_houshi_hc03.png, ev_houshi_hc04.png, ev_houshi_hc05.png, ev_houshi_hc06.png, ev_houshi_hc07.png, ev_houshi_hc08.png, ev_houshi_hc09.png, ev_houshi_hc10.png, ev_houshi_hc11.png",11,,,,
husuma_h,"ev_husuma_h1.png, ev_husuma_h2.png, ev_husuma_h3.png, ev_husuma_h4.png, ev_husuma_h5.png, ev_husuma_h6.png, ev_husuma_h7.png, ev_husuma_h8.png",8,,,,
hutakuti_ha,"ev_hutakuti_ha1.png, ev_hutakuti_ha2.png, ev_hutakuti_ha3.png, ev_hutakuti_ha4.png, ev_hutakuti_ha5.png",5,,,,
hutakuti_hb,"ev_hutakuti_hb1.png, ev_hutakuti_hb2.png, ev_hutakuti_hb3.png, ev_hutakuti_hb4.png",4,,,,
hutakuti_hc,"ev_hutakuti_hc1.png, ev_hutakuti_hc2.png, ev_hutakuti_hc3.png, ev_hutakuti_hc4.png, ev_hutakuti_hc5.png, ev_hutakuti_ct01.png, ev_hutakuti_ct02.png",7,,,,
icemaze_h,"ev_icemaze_h1.png, ev_icemaze_h2.png, ev_icemaze_h3.png, ev_icemaze_h4.png, ev_icemaze_h5.png",5,,,,
ikkaku_h,"ev_ikkaku_h1.png, ev_ikkaku_h2.png, ev_ikkaku_h3.png, ev_ikkaku_h4.png, ev_ikkaku_h5.png, ev_ikkaku_h6.png",6,,,,
ikkaku_hb,"ev_ikkaku_hb1.png",1,,,,
ikkaku_hc,"ev_ikkaku_hc1.png, ev_ikkaku_hc2.png, ev_ikkaku_hc3.png, ev_ikkaku_hc4.png, ev_ikkaku_hc5.png, ev_ikkaku_hc6.png",6,,,,
imomusi_ha,"ev_imomusi_h1a.png, ev_imomusi_h2a.png, ev_imomusi_h1.png, ev_imomusi_h2.png, ev_imomusi_h3.png, ev_imomusi_h4.png",6,,,,
indora_ha,"ev_indora_ha01.png, ev_indora_ha02.png, ev_indora_ha03.png, ev_indora_ha04.png, ev_indora_ha05.png, ev_indora_ha06.png, ev_indora_ha07.png, ev_indora_ha08.png, ev_indora_ha09.png, ev_indora_ha10.png",10,,,,
indora_hb,"ev_indora_hb1.png, ev_indora_hb2.png, ev_indora_hb3.png, ev_indora_hb4.png, ev_indora_hb5.png, ev_indora_hb6.png, ev_indora_hb7.png, ev_indora_hb8.png",8,,,,
inp_ct,"ev_inp_ct01.png, ev_inp_ct02.png",2,,,,
inp_ct1,"ev_inp_ct11.png, ev_inp_ct12.png",2,,,,
inp_ct2,"ev_inp_ct21.png, ev_inp_ct22.png",2,,,,
inp_ha,"ev_inp_ha1.png, ev_inp_ha2.png, ev_inp_ha3.png, ev_inp_ha4.png, ev_inp_ha5.png, ev_inp_ha6.png",6,,,,
inp_hb,"ev_inp_hb1.png, ev_inp_hb2.png, ev_inp_hb3.png, ev_inp_hb4.png",4,,,,
inp_hc,"ev_inp_hc1.png, ev_inp_hc2.png, ev_inp_hc3.png, ev_inp_hc4.png",4,,,,
inp_hd,"ev_inp_hd1.png, ev_inp_hd2.png, ev_inp_hd3.png, ev_inp_hd4.png, ev_inp_hd5.png, ev_inp_hd6.png, ev_inp_hd7.png, ev_inp_hd8.png",8,,,,
inp_he,"ev_inp_he1.png, ev_inp_he2.png, ev_inp_he3.png, ev_inp_he4.png, ev_inp_he5.png",5,,,,
inp_hf,"ev_inp_hf1.png, ev_inp_hf2.png, ev_inp_hf3.png, ev_inp_hf4.png",4,,,,
inp_hg,"ev_inp_hg1.png, ev_inp_hg2.png, ev_inp_hg3.png, ev_inp_hg4.png",4,,,,
inuel_h,"ev_inuel_h1.png, ev_inuel_h2.png, ev_inuel_h3.png, ev_inuel_h4.png",4,,,,
inugami_hs,"ev_inugami_h1s.png, ev_inugami_h2s.png, ev_inugami_h3s.png, ev_inugami_h4s.png, ev_inugami_h5s.png, ev_inugami_h6s.png, ev_inugami_h7s.png, ev_inugami_h8s.png, ev_inugami_h9s.png",9,,,,
iriasu_h,"ev_iriasu_h1.png, ev_iriasu_h2.png, ev_iriasu_h3.png",3,,,,
iriasu_hb,"ev_iriasu_hb1.png, ev_iriasu_hb2.png, ev_iriasu_hb3.png, ev_iriasu_hb4.png",4,,,,
iriasu_hc,"ev_iriasu_hc1.png, ev_iriasu_hc2.png, ev_iriasu_hc3.png, ev_iriasu_hc4.png",4,,,,
iriasu_hd,"ev_iriasu_hd1.png, ev_iriasu_hd2.png, ev_iriasu_hd3.png, ev_iriasu_hd4.png, ev_iriasu_hd5.png",5,,,,
iriasu_he,"ev_iriasu_he1.png, ev_iriasu_he2.png, ev_iriasu_he3.png, ev_iriasu_he4.png, ev_iriasu_he5.png, ev_iriasu_he6.png, ev_iriasu_ct01.png, ev_iriasu_ct02.png",8,,,,
iriasu2_ha,"ev_iriasu2_ha1.png, ev_iriasu2_ha2.png, ev_iriasu2_ha3.png, ev_iriasu2_ha4.png, ev_iriasu2_ct01.png, ev_iriasu2_ct02.png, ev_iriasu2_ct03.png",7,,,,
iriasu2_hb,"ev_iriasu2_hb1.png, ev_iriasu2_hb2.png, ev_iriasu2_hb3.png, ev_iriasu2_hb4.png",4,,,,
iriasu3_ha,"ev_iriasu3_ha1.png, ev_iriasu3_ha2.png, ev_iriasu3_ha3.png, ev_iriasu3_ha4.png, ev_iriasu3_ha5.png, ev_iriasu3_ha6.png, ev_iriasu3_ha7.png, ev_iriasu3_ha8.png, ev_iriasu3_ha9.png",9,,,,
ironmaiden_h,"ev_ironmaiden_h1.png, ev_ironmaiden_h2.png, ev_ironmaiden_h3.png, ev_ironmaiden_st11.png, ev_ironmaiden_st21.png",5,,,,
ironmaiden_hb,"ev_ironmaiden_hb1.png",1,,,,
ironmaiden_k_h,"ev_ironmaiden_k_h1.png, ev_ironmaiden_k_h2.png, ev_ironmaiden_k_h3.png, ev_ironmaiden_k_h4.png, ev_ironmaiden_k_h5.png, ev_ironmaiden_k_h6.png",6,,,,
ironmaiden_k_st,"ev_ironmaiden_k_st01.png, ev_ironmaiden_k_st02.png",2,,,,
ironmaiden_s_h,"ev_ironmaiden_s_h1.png, ev_ironmaiden_s_h2.png",2,,,,
iso_ctb,"ev_iso_ctb01.png, ev_iso_ctb02.png, ev_iso_ctb03.png, ev_iso_ctb04.png",4,,,,
iso_h,"ev_iso_h1.png, ev_iso_h2.png, ev_iso_h3.png, ev_iso_h4.png, ev_iso_h5.png, ev_iso_h6.png, ev_iso_ct01.png, ev_iso_ct02.png, ev_iso_ct03.png, ev_iso_ct04.png",10,,,,
iso_hb,"ev_iso_hb1.png, ev_iso_hb2.png, ev_iso_hb3.png, ev_iso_hb4.png",4,,,,
ittanmomen_h,"ev_ittanmomen_h1.png, ev_ittanmomen_h2.png, ev_ittanmomen_h3.png, ev_ittanmomen_h4.png, ev_ittanmomen_h5.png, ev_ittanmomen_h6.png, ev_ittanmomen_h7.png",7,,,,
izanami_h,"ev_izanami_h1.png, ev_izanami_h2.png, ev_izanami_h3.png, ev_izanami_h4.png, ev_izanami_h5.png",5,,,,
izun_h,"ev_izun_h01.png, ev_izun_h02.png, ev_izun_h03.png, ev_izun_h04.png, ev_izun_h05.png, ev_izun_h06.png, ev_izun_h07.png, ev_izun_h08.png, ev_izun_h09.png, ev_izun_h10.png",10,,,,
jack_ha,"ev_jack_ha01.png, ev_jack_ha02.png, ev_jack_ha03.png, ev_jack_ha04.png, ev_jack_ha05.png, ev_jack_ha06.png, ev_jack_ha07.png",7,,,,
jeid_h,"ev_jeid_h01.png, ev_jeid_h02.png, ev_jeid_h03.png, ev_jeid_h04.png, ev_jeid_h05.png, ev_jeid_h06.png, ev_jeid_h07.png, ev_jeid_h08.png, ev_jeid_h09.png, ev_jeid_h10.png, ev_jeid_h11.png, ev_jeid_h12.png, ev_jeid_h13.png, ev_jeid_h14.png, ev_jeid_h15.png, ev_jeid_h16.png, ev_jeid_h17.png, ev_jeid_h18.png, ev_jeid_h19.png, ev_jeid_h20.png, ev_jeid_h21.png, ev_jeid_h22.png, ev_jeid_h23.png, ev_jeid_h24.png, ev_jeid_h25.png, ev_jeid_h26.png, ev_jeid_h27.png, ev_jeid_h28.png",28,5,,,5
jeid_hb,"ev_jeid_hb01.png, ev_jeid_hb02.png, ev_jeid_hb03.png, ev_jeid_hb04.png, ev_jeid_hb05.png, ev_jeid_hb06.png, ev_jeid_hb07.png, ev_jeid_hb08.png, ev_jeid_hb09.png, ev_jeid_hb10.png, ev_jeid_hb11.png, ev_jeid_hb12.png, ev_jeid_hb13.png, ev_jeid_hb14.png, ev_jeid_hb15.png, ev_jeid_hb16.png, ev_jeid_hb17.png",17,,,,
jelly_h,"ev_jelly_h1.png, ev_jelly_h2.png, ev_jelly_h3.png, ev_jelly_h4.png, ev_jelly_h5.png, ev_jelly_h6.png",6,,,,
jeraira_h,"ev_jeraira_h1.png, ev_jeraira_h2.png, ev_jeraira_h3.png, ev_jeraira_h4.png, ev_jeraira_h5.png, ev_jeraira_h6.png, ev_jeraira_h7.png, ev_jeraira_h8.png",8,3,,,3
jormungand_ha,"ev_jormungand_ha1.png, ev_jormungand_ha2.png, ev_jormungand_ha3.png, ev_jormungand_ha4.png, ev_jormungand_ha5.png, ev_jormungand_ha6.png",6,,,,
jormungand_ha2,"ev_jormungand_ha7.png, ev_jormungand_ha8.png, ev_jormungand_ha9.png",3,,,,
jormungand_hb,"ev_jormungand_hb1.png, ev_jormungand_hb2.png, ev_jormungand_hb3.png, ev_jormungand_hb4.png",4,,,,
jormungand_hc,"ev_jormungand_hc1.png, ev_jormungand_hc2.png, ev_jormungand_hc3.png, ev_jormungand_hc4.png",4,,,,
junkdoll_ha,"ev_junkdoll_ha01.png, ev_junkdoll_ha02.png, ev_junkdoll_ha03.png, ev_junkdoll_ha04.png, ev_junkdoll_ha05.png, ev_junkdoll_ha06.png, ev_junkdoll_ha07.png, ev_junkdoll_ha08.png, ev_junkdoll_ha09.png, ev_junkdoll_ha10.png",10,,,,
junkdoll_hb,"ev_junkdoll_hb1.png, ev_junkdoll_hb2.png, ev_junkdoll_hb3.png",3,,,,
junkdoll_hc,"ev_junkdoll_hc1.png, ev_junkdoll_hc2.png, ev_junkdoll_hc3.png, ev_junkdoll_hc4.png, ev_junkdoll_hc5.png, ev_junkdoll_hc6.png, ev_junkdoll_hc7.png, ev_junkdoll_hc8.png",8,,,,
junkdoll_hd,"ev_junkdoll_hd1.png",1,,,,
juraabis_h,"ev_juraabis_h1.png, ev_juraabis_h2.png, ev_juraabis_h3.png, ev_juraabis_h4.png",4,,,,
justice_h,"ev_justice_h1.png, ev_justice_h2.png, ev_justice_h3.png",3,,,,
k_hapy_h,"ev_k_hapy_h1.png, ev_k_hapy_h2.png",2,,,,
k_hapy_hb,"ev_k_hapy_hb1.png, ev_k_hapy_hb2.png",2,,,,
k_mermaid_h,"ev_k_mermaid_h1.png, ev_k_mermaid_h2.png, ev_k_mermaid_h3.png, ev_k_mermaid_h4.png",4,,,,
k_mermaid_hb,"ev_k_mermaid_hb1.png, ev_k_mermaid_hb2.png, ev_k_mermaid_hb3.png, ev_k_mermaid_hb4.png",4,,,,
kaeru_ha,"ev_kaeru_ha1.png, ev_kaeru_ha2.png, ev_kaeru_ha3.png, ev_kaeru_ha4.png, ev_kaeru_ha5.png, ev_kaeru_ha6.png, ev_kaeru_ha7.png",7,,,,
kaeru_hb,"ev_kaeru_hb0.png, ev_kaeru_hb1.png, ev_kaeru_hb2.png, ev_kaeru_hb3.png, ev_kaeru_hb4.png",5,,,,
kaeru_hc,"ev_kaeru_hc1.png, ev_kaeru_hc2.png, ev_kaeru_hc3.png",3,,,,
kagetumugi_ha,"ev_kagetumugi_ha01.png, ev_kagetumugi_ha02.png, ev_kagetumugi_ha03.png, ev_kagetumugi_ha04.png, ev_kagetumugi_ha05.png, ev_kagetumugi_ha06.png",6,,,,
kagetumugi_ha2,"ev_kagetumugi_ha07.png, ev_kagetumugi_ha08.png, ev_kagetumugi_ha09.png, ev_kagetumugi_ha10.png, ev_kagetumugi_ha11.png",5,,,,
kagetumugi_ha3,"ev_kagetumugi_ha12.png, ev_kagetumugi_ha13.png",2,,,,
kagetumugi_hd,"ev_kagetumugi_hd1.png, ev_kagetumugi_hd2.png, ev_kagetumugi_hd3.png, ev_kagetumugi_hd4.png, ev_kagetumugi_hd5.png, ev_kagetumugi_hd6.png",6,,,,
kagetumugi_he,"ev_kagetumugi_he01.png, ev_kagetumugi_he02.png, ev_kagetumugi_he03.png, ev_kagetumugi_he04.png, ev_kagetumugi_he05.png, ev_kagetumugi_he06.png, ev_kagetumugi_he07.png, ev_kagetumugi_he08.png, ev_kagetumugi_he09.png, ev_kagetumugi_he10.png",10,,,,
kagetumugi_hf,"ev_kagetumugi_hf1.png, ev_kagetumugi_hf2.png, ev_kagetumugi_hf3.png",3,,,,
kagetumugi_hf2,"ev_kagetumugi_hf4.png, ev_kagetumugi_hf5.png, ev_kagetumugi_hf6.png, ev_kagetumugi_hf7.png",4,,,,
kagetumugi_hg,"ev_kagetumugi_hg1.png, ev_kagetumugi_hg2.png, ev_kagetumugi_hg3.png, ev_kagetumugi_hg4.png, ev_kagetumugi_hg5.png, ev_kagetumugi_hg6.png, ev_kagetumugi_hg7.png, ev_kagetumugi_hg8.png",8,,,,
kagetumugi_hj,"ev_kagetumugi_hj01.png, ev_kagetumugi_hj11.png, ev_kagetumugi_hj12.png, ev_kagetumugi_hj13.png, ev_kagetumugi_hj14.png, ev_kagetumugi_hj15.png",6,,,,
kagetumugi_hj2,"ev_kagetumugi_hj16.png, ev_kagetumugi_hj17.png, ev_kagetumugi_hj18.png, ev_kagetumugi_hj19.png, ev_kagetumugi_hj20.png, ev_kagetumugi_hj21.png",6,,,,
kagetumugi_hj3,"ev_kagetumugi_hj22.png, ev_kagetumugi_hj23.png, ev_kagetumugi_hj24.png",3,,,,
kagetumugi_hk,"ev_kagetumugi_hk01.png, ev_kagetumugi_hk02.png, ev_kagetumugi_hk03.png, ev_kagetumugi_hk04.png, ev_kagetumugi_hk05.png, ev_kagetumugi_hk06.png, ev_kagetumugi_hk07.png, ev_kagetumugi_hk08.png, ev_kagetumugi_hk09.png, ev_kagetumugi_hk10.png, ev_kagetumugi_hk11.png, ev_kagetumugi_hk12.png, ev_kagetumugi_hk13.png, ev_kagetumugi_hk14.png, ev_kagetumugi_hk15.png, ev_kagetumugi_hk16.png, ev_kagetumugi_hk17.png",17,,,,
kagetumugi2_ha,"ev_kagetumugi2_ha01.png, ev_kagetumugi2_ha02.png, ev_kagetumugi2_ha03.png, ev_kagetumugi2_ha04.png, ev_kagetumugi2_ha05.png",5,,,,
kagetumugi2_ha2,"ev_kagetumugi2_ha06.png, ev_kagetumugi2_ha07.png, ev_kagetumugi2_ha08.png",3,,,,
kagetumugi2_ha3,"ev_kagetumugi2_ha09.png, ev_kagetumugi2_ha10.png, ev_kagetumugi2_ha11.png, ev_kagetumugi2_ha12.png, ev_kagetumugi2_ha13.png",5,,,,
kagetumugi2_hb,"ev_kagetumugi2_hb01.png, ev_kagetumugi2_hb02.png, ev_kagetumugi2_hb03.png, ev_kagetumugi2_hb04.png, ev_kagetumugi2_hb05.png, ev_kagetumugi2_hb06.png, ev_kagetumugi2_hb07.png, ev_kagetumugi2_hb08.png, ev_kagetumugi2_hb09.png, ev_kagetumugi2_hb10.png, ev_kagetumugi2_hb11.png, ev_kagetumugi2_hb12.png, ev_kagetumugi2_hb13.png, ev_kagetumugi2_hb14.png, ev_kagetumugi2_hb15.png, ev_kagetumugi2_hb16.png",16,,,,
kai_h,"ev_kai_h1.png, ev_kai_h2.png, ev_kai_h3.png, ev_kai_h4.png, ev_kai_h5.png, ev_kai_h6.png",6,,,,
kai_hb,"ev_kai_hb1.png",1,,,,
kaiko_h,"ev_kaiko_h01.png, ev_kaiko_h11.png, ev_kaiko_h12.png, ev_kaiko_h13.png, ev_kaiko_h14.png, ev_kaiko_h15.png, ev_kaiko_h21.png, ev_kaiko_h22.png, ev_kaiko_h23.png, ev_kaiko_h24.png, ev_kaiko_h25.png",11,,,,
kamakiri_ha,"ev_kamakiri_ha1.png, ev_kamakiri_ha2.png, ev_kamakiri_ha3.png, ev_kamakiri_ha4.png, ev_kamakiri_ha5.png",5,,,,
kamakiri_hb,"ev_kamakiri_hb1.png, ev_kamakiri_hb2.png, ev_kamakiri_hb3.png, ev_kamakiri_hb4.png",4,,,,
kamakiri_hc,"ev_kamakiri_hc1.png",1,,,,
kamuro_ha,"ev_kamuro_ha1.png, ev_kamuro_ha2.png, ev_kamuro_ha3.png, ev_kamuro_ha4.png, ev_kamuro_ha5.png, ev_kamuro_ha6.png, ev_kamuro_ha7.png",7,,,,
kamuro_hb,"ev_kamuro_hb1.png, ev_kamuro_hb2.png, ev_kamuro_hb3.png, ev_kamuro_hb4.png, ev_kamuro_hb5.png, ev_kamuro_hb6.png, ev_kamuro_hb7.png",7,,,,
kanade_ha,"ev_kanade_ha01.png, ev_kanade_ha02.png, ev_kanade_ha03.png, ev_kanade_ha04.png, ev_kanade_ha05.png, ev_kanade_ha06.png, ev_kanade_ha07.png, ev_kanade_ha08.png, ev_kanade_ha09.png, ev_kanade_ha10.png",10,,,,
kanade_hc,"ev_kanade_hc1.png, ev_kanade_hc2.png, ev_kanade_hc3.png, ev_kanade_hc4.png, ev_kanade_hc5.png, ev_kanade_hc6.png, ev_kanade_hc7.png, ev_kanade_hc8.png",8,,,,
kanade_hz,"ev_kanade_hz01.png, ev_kanade_hz02.png, ev_kanade_hz03.png, ev_kanade_hz04.png, ev_kanade_hz05.png, ev_kanade_hz06.png, ev_kanade_hz07.png, ev_kanade_hz08.png, ev_kanade_hz09.png, ev_kanade_hz10.png",10,,,,
kani_h,"ev_kani_h1.png, ev_kani_h2.png, ev_kani_ct21.png, ev_kani_ct22.png, ev_kani_ct23.png, ev_kani_ct24.png",6,,,,
kani_hb,"ev_kani_hb1.png, ev_kani_hb2.png, ev_kani_hb3.png, ev_kani_hb4.png, ev_kani_hb5.png, ev_kani_hb6.png",6,,,,
kani_st,"ev_kani_st11.png, ev_kani_st12.png, ev_kani_st13.png, ev_kani_ct01.png, ev_kani_ct02.png, ev_kani_ct03.png, ev_kani_ct11.png, ev_kani_ct12.png, ev_kani_ct13.png",9,,,,
kaniloid_h,"ev_kaniloid_h1.png, ev_kaniloid_h2.png, ev_kaniloid_h3.png, ev_kaniloid_h4.png, ev_kaniloid_h5.png, ev_kaniloid_h6.png, ev_kaniloid_h7.png, ev_kaniloid_h8.png, ev_kaniloid_h9.png",9,,,,
kanon_hb,"ev_kanon_hb1.png, ev_kanon_hb2.png, ev_kanon_hb3.png, ev_kanon_hb4.png, ev_kanon_hb5.png, ev_kanon_hb6.png, ev_kanon_hb7.png, ev_kanon_hb8.png",8,,,,
kanon_hc,"ev_kanon_hc1.png, ev_kanon_hc2.png, ev_kanon_hc3.png, ev_kanon_hc4.png, ev_kanon_hc5.png, ev_kanon_hc6.png, ev_kanon_hc7.png, ev_kanon_hc8.png",8,,,,
kanon_hd,"ev_kanon_hd1.png, ev_kanon_hd2.png, ev_kanon_hd3.png, ev_kanon_hd4.png, ev_kanon_hd5.png",5,,,,
kappa_ha,"ev_kappa_ha1.png, ev_kappa_ha2.png, ev_kappa_ha3.png, ev_kappa_ha4.png",4,,,,
kappa_hb,"ev_kappa_hb1.png, ev_kappa_hb2.png, ev_kappa_hb3.png, ev_kappa_hb4.png, ev_kappa_hb5.png, ev_kappa_hb6.png",6,,,,
karen_ha,"ev_karen_ha1.png, ev_karen_ha2.png, ev_karen_ha3.png, ev_karen_ha4.png, ev_karen_ha5.png, ev_karen_ha6.png",6,,,,
karen_hb,"ev_karen_hb1.png, ev_karen_hb2.png, ev_karen_hb3.png, ev_karen_hb4.png, ev_karen_hb5.png",5,,,,
kaze_h,"ev_kaze_h2_1.png, ev_kaze_h2_2.png, ev_kaze_h2_3.png, ev_kaze_h2_4.png, ev_kaze_h2_5.png",5,,,,
kerberos_ct,"ev_kerberos_ct01.png, ev_kerberos_ct02.png, ev_kerberos_ct03.png, ev_kerberos_ct04.png",4,,,,
kezyorou_ha,"ev_kezyorou_ha1.png, ev_kezyorou_ha2.png, ev_kezyorou_ha3.png, ev_kezyorou_ha4.png, ev_kezyorou_ha5.png, ev_kezyorou_ha6.png, ev_kezyorou_ha7.png",7,,,,
kezyorou_hb,"ev_kezyorou_hb1.png, ev_kezyorou_hb2.png, ev_kezyorou_hb3.png, ev_kezyorou_hb4.png, ev_kezyorou_hb5.png, ev_kezyorou_hb6.png",6,,,,
kinoko_h,"ev_kinoko_h1.png, ev_kinoko_h2.png, ev_kinoko_h3.png, ev_kinoko_h4.png, ev_kinoko_h5.png, ev_kinoko_h6.png, ev_kinoko_h7.png",7,,,,
kirin_ha,"ev_kirin_ha1.png, ev_kirin_ha2.png, ev_kirin_ha3.png, ev_kirin_ha4.png",4,,,,
kirin_hb,"ev_kirin_hb1.png, ev_kirin_hb2.png, ev_kirin_hb3.png, ev_kirin_hb4.png, ev_kirin_hb5.png, ev_kirin_hb6.png, ev_kirin_ct01.png, ev_kirin_ct02.png",8,,,,
kitunezyu_h,"ev_kitunezyu_h1.png, ev_kitunezyu_h2.png, ev_kitunezyu_h3.png, ev_kitunezyu_h4.png, ev_kitunezyu_ct01.png, ev_kitunezyu_ct02.png, ev_kitunezyu_ct03.png, ev_kitunezyu_ct04.png",8,,,,
kizin_ha,"ev_kizin_ha1.png, ev_kizin_ha2.png, ev_kizin_ha3.png",3,,,,
kizin_hb,"ev_kizin_hb1.png, ev_kizin_hb2.png, ev_kizin_hb3.png, ev_kizin_hb4.png, ev_kizin_hb5.png, ev_kizin_hb6.png, ev_kizin_hb7.png",7,,,,
kizin_hc,"ev_kizin_hc1.png, ev_kizin_hc2.png, ev_kizin_hc3.png, ev_kizin_hc4.png, ev_kizin_hc5.png, ev_kizin_hc6.png, ev_kizin_hc7.png, ev_kizin_hc8.png",8,,,,
kizin2_h,"ev_kizin2_h1.png, ev_kizin2_h2.png, ev_kizin2_h3.png, ev_kizin2_h4.png",4,,,,
knight_mermaid_ha,"ev_knight_mermaid_ha01.png, ev_knight_mermaid_ha02.png, ev_knight_mermaid_ha03.png, ev_knight_mermaid_ha04.png, ev_knight_mermaid_ha05.png, ev_knight_mermaid_ha06.png, ev_knight_mermaid_ha07.png, ev_knight_mermaid_ha08.png, ev_knight_mermaid_ha09.png, ev_knight_mermaid_ha10.png, ev_knight_mermaid_ha11.png, ev_knight_mermaid_ha12.png, ev_knight_mermaid_ha13.png, ev_knight_mermaid_ha14.png, ev_knight_mermaid_ha15.png, ev_knight_mermaid_ha16.png, ev_knight_mermaid_ha17.png",17,,,,
knight_mermaid_hb,"ev_knight_mermaid_hb1.png, ev_knight_mermaid_hb2.png, ev_knight_mermaid_ha01.png, ev_knight_mermaid_ha02.png, ev_knight_mermaid_ha03.png, ev_knight_mermaid_ha04.png, ev_knight_mermaid_ha05.png, ev_knight_mermaid_ha06.png, ev_knight_mermaid_ha07.png, ev_knight_mermaid_ha08.png",10,,,,
knightloid_ct,"ev_knightloid_ct11.png, ev_knightloid_ct12.png, ev_knightloid_ct13.png",3,,,,
knightloid_ct2,"ev_knightloid_ct21.png, ev_knightloid_ct22.png, ev_knightloid_ct23.png",3,,,,
knightloid_hb,"ev_knightloid_hb01.png, ev_knightloid_hb02.png, ev_knightloid_hb03.png, ev_knightloid_hb04.png, ev_knightloid_hb05.png, ev_knightloid_hb06.png, ev_knightloid_hb07.png, ev_knightloid_hb08.png, ev_knightloid_hb09.png, ev_knightloid_hb10.png, ev_knightloid_hb11.png, ev_knightloid_hb12.png, ev_knightloid_hb13.png, ev_knightloid_hb14.png, ev_knightloid_hb15.png, ev_knightloid_hb16.png, ev_knightloid_hb17.png, ev_knightloid_hb18.png, ev_knightloid_hb19.png, ev_knightloid_hb20.png, ev_knightloid_hb21.png, ev_knightloid_hb22.png, ev_knightloid_hb23.png, ev_knightloid_hb24.png, ev_knightloid_hb25.png, ev_knightloid_hb26.png, ev_knightloid_hb27.png, ev_knightloid_hb28.png, ev_knightloid_ct41.png, ev_knightloid_ct42.png",30,,,,
kobura_h,"ev_kobura_h1.png, ev_kobura_h2.png, ev_kobura_h3.png, ev_kobura_h4.png, ev_kobura_h5.png, ev_kobura_ct01.png, ev_kobura_ct02.png, ev_kobura_ct03.png, ev_kobura_ct04.png",9,,,,
kobura_hb,"ev_kobura_hb1.png, ev_kobura_hb2.png, ev_kobura_hb3.png, ev_kobura_hb4.png, ev_kobura_ct01.png, ev_kobura_ct02.png, ev_kobura_ct03.png, ev_kobura_ct04.png",8,,,,
kobura_hc,"ev_kobura_hc1.png",1,,,,
kodairyu_h,"ev_kodairyu_h1.png, ev_kodairyu_h2.png, ev_kodairyu_h3.png, ev_kodairyu_h4.png",4,,,,
kooni_h,"ev_kooni_h01.png, ev_kooni_h02.png, ev_kooni_h03.png, ev_kooni_h04.png, ev_kooni_h05.png, ev_kooni_h06.png, ev_kooni_h07.png, ev_kooni_h08.png, ev_kooni_h09.png, ev_kooni_h10.png, ev_kooni_h11.png, ev_kooni_h12.png, ev_kooni_h13.png, ev_kooni_h14.png, ev_kooni_h15.png, ev_kooni_h16.png, ev_kooni_h17.png",17,,,,
kooni_hb,"ev_kooni_hb1.png",1,,,,
koron_ha,"ev_koron_ha1.png, ev_koron_ha2.png, ev_koron_ha3.png",3,,,,
koron_hc,"ev_koron_hc1.png, ev_koron_hc2.png, ev_koron_hc3.png, ev_koron_hc4.png, ev_koron_hc5.png, ev_koron_hc6.png, ev_koron_hc7.png, ev_koron_hc8.png",8,,,,
kouki_h,"ev_kouki_h1.png, ev_kouki_h2.png, ev_kouki_h3.png, ev_kouki_h4.png, ev_kouki_h5.png, ev_kouki_h6.png, ev_kouki_h7.png, ev_kouki_h8.png",8,,,,
kraken_ha,"ev_kraken_h2a.png, ev_kraken_h3a.png, ev_kraken_h1.png, ev_kraken_h2.png, ev_kraken_h3.png, ev_kraken_h4.png, ev_kraken_h5.png",7,,,,
kudan_h,"ev_kudan_h1.png, ev_kudan_h2.png, ev_kudan_h3.png, ev_kudan_h4.png, ev_kudan_h5.png",5,,,,
kumo_ct,"ev_kumo_ct01.png, ev_kumo_ct02.png, ev_kumo_ct03.png, ev_kumo_ct04.png",4,,,,
kumo_ha,"ev_kumo_ha1.png, ev_kumo_ha2.png, ev_kumo_ha3.png, ev_kumo_ha4.png, ev_kumo_ha5.png, ev_kumo_ha6.png",6,,,,
kumo_hb,"ev_kumo_hb1.png, ev_kumo_hb2.png, ev_kumo_hb3.png, ev_kumo_hb4.png",4,,,,
kumo_hc,"ev_kumo_hc1.png, ev_kumo_hc2.png, ev_kumo_hc3.png, ev_kumo_hc4.png, ev_kumo_hc5.png, ev_kumo_hc6.png",6,,,,
kumonomiko_ha,"ev_kumonomiko_ha1.png, ev_kumonomiko_ha2.png, ev_kumonomiko_ha3.png, ev_kumonomiko_ha4.png, ev_kumonomiko_ha5.png, ev_kumonomiko_ha6.png, ev_kumonomiko_ha7.png, ev_kumonomiko_ha8.png",8,,,,
kumonomiko_hb,"ev_kumonomiko_hb01.png, ev_kumonomiko_hb02.png, ev_kumonomiko_hb03.png, ev_kumonomiko_hb04.png, ev_kumonomiko_hb05.png, ev_kumonomiko_hb06.png, ev_kumonomiko_hb07.png, ev_kumonomiko_hb08.png, ev_kumonomiko_hb09.png, ev_kumonomiko_hb10.png, ev_kumonomiko_ct01.png, ev_kumonomiko_ct02.png, ev_kumonomiko_ct03.png, ev_kumonomiko_ct04.png, ev_kumonomiko_ct05.png, ev_kumonomiko_ct06.png, ev_kumonomiko_ct07.png, ev_kumonomiko_ct08.png",18,,,,
kuno_arachne_ha,"ev_kuno_arachne_ha1.png, ev_kuno_arachne_ha2.png, ev_kuno_arachne_ha3.png, ev_kuno_arachne_ha4.png",4,,,,
kuno_arachne_hb,"ev_kuno_arachne_hb1.png, ev_kuno_arachne_hb2.png, ev_kuno_arachne_hb3.png, ev_kuno_arachne_hb4.png, ev_kuno_arachne_hb5.png",5,,,,
kuno_hapy_ha,"ev_kuno_hapy_ha1.png, ev_kuno_hapy_ha2.png, ev_kuno_hapy_ha3.png, ev_kuno_hapy_ha4.png",4,,,,
kuno_hapy_hb,"ev_kuno_hapy_hb1.png, ev_kuno_hapy_hb2.png, ev_kuno_hapy_hb3.png, ev_kuno_hapy_hb4.png, ev_kuno_hapy_hb5.png, ev_kuno_hapy_hb6.png",6,,,,
kuno_scylla_ha,"ev_kuno_scylla_ha1.png, ev_kuno_scylla_ha2.png, ev_kuno_scylla_ha3.png, ev_kuno_scylla_ha4.png",4,,,,
kuno_scylla_hb,"ev_kuno_scylla_hb1.png, ev_kuno_scylla_hb2.png, ev_kuno_scylla_hb3.png, ev_kuno_scylla_hb4.png, ev_kuno_scylla_hb5.png, ev_kuno_scylla_hb6.png",6,,,,
kuno_succubus_ha,"ev_kuno_succubus_ha1.png, ev_kuno_succubus_ha2.png, ev_kuno_succubus_ha3.png, ev_kuno_succubus_ha4.png",4,,,,
kuno_succubus_hb,"ev_kuno_succubus_hb01.png, ev_kuno_succubus_hb02.png, ev_kuno_succubus_hb03.png, ev_kuno_succubus_hb04.png, ev_kuno_succubus_hb05.png, ev_kuno_succubus_hb06.png, ev_kuno_succubus_hb07.png, ev_kuno_succubus_hb08.png, ev_kuno_succubus_hb09.png, ev_kuno_succubus_hb10.png, ev_kuno_succubus_hb11.png, ev_kuno_succubus_hb12.png",12,1,,,1
kunoitielf_ct,"ev_kunoitielf_ct01.png, ev_kunoitielf_ct02.png, ev_kunoitielf_ct03.png, ev_kunoitielf_ct04.png",4,,,,
kunoitielf2_ha,"ev_kunoitielf2_ha01.png, ev_kunoitielf2_ha02.png, ev_kunoitielf2_ha03.png, ev_kunoitielf2_ha04.png, ev_kunoitielf2_ha05.png, ev_kunoitielf2_ha06.png, ev_kunoitielf2_ha07.png, ev_kunoitielf2_ha08.png, ev_kunoitielf2_ha09.png, ev_kunoitielf2_ha10.png",10,,,,
kunoitielf2_hb,"ev_kunoitielf2_hb01.png, ev_kunoitielf2_hb02.png, ev_kunoitielf2_hb03.png, ev_kunoitielf2_hb04.png, ev_kunoitielf2_hb05.png, ev_kunoitielf2_hb06.png, ev_kunoitielf2_hb07.png, ev_kunoitielf2_hb08.png, ev_kunoitielf2_hb09.png, ev_kunoitielf2_hb10.png",10,,,,
kunoitisanbi_ha,"ev_kunoitisanbi_ha1.png, ev_kunoitisanbi_ha2.png, ev_kunoitisanbi_ha3.png, ev_kunoitisanbi_ha4.png, ev_kunoitisanbi_ha5.png, ev_kunoitisanbi_ha6.png, ev_kunoitisanbi_ha7.png, ev_kunoitisanbi_ha8.png",8,,,,
kunoitisanbi_hb,"ev_kunoitisanbi_hb1.png, ev_kunoitisanbi_hb2.png, ev_kunoitisanbi_hb3.png, ev_kunoitisanbi_hb4.png, ev_kunoitisanbi_hb5.png, ev_kunoitisanbi_hb6.png, ev_kunoitisanbi_hb7.png, ev_kunoitisanbi_hb8.png",8,,,,
kurage_ct,"ev_kurage_ct01.png, ev_kurage_ct02.png, ev_kurage_ct03.png",3,,,,
kurage_ctb,"ev_kurage_ctb01.png, ev_kurage_ctb02.png, ev_kurage_ctb03.png, ev_kurage_ctb04.png",4,,,,
kureo_adora_h,"ev_kureo_adora_h1.png, ev_kureo_adora_h2.png, ev_kureo_adora_h3.png, ev_kureo_adora_h4.png",4,,,,
kurodanuki_has,"ev_kurodanuki_ha0s.png, ev_kurodanuki_ha1s.png, ev_kurodanuki_ha2s.png, ev_kurodanuki_ha3s.png, ev_kurodanuki_ha4s.png, ev_kurodanuki_ha5s.png, ev_kurodanuki_ha6s.png, ev_kurodanuki_ha7s.png, ev_kurodanuki_ha8s.png, ev_kurodanuki_ha9s.png",10,,,,
kurodanuki_hbs,"ev_kurodanuki_hb0s.png, ev_kurodanuki_hb1s.png, ev_kurodanuki_hb2s.png, ev_kurodanuki_hb3s.png, ev_kurodanuki_hb4s.png, ev_kurodanuki_hb5s.png, ev_kurodanuki_hb6s.png, ev_kurodanuki_hb7s.png, ev_kurodanuki_hb8s.png, ev_kurodanuki_hb9s.png",10,,,,
kyoryuu_ct,"ev_kyoryuu_ct01.png, ev_kyoryuu_ct02.png, ev_kyoryuu_ct03.png, ev_kyoryuu_ct04.png, ev_kyoryuu_ct05.png, ev_kyoryuu_ct06.png, ev_kyoryuu_st11.png, ev_kyoryuu_st12.png",8,,,,
kyoryuu_hb,"ev_kyoryuu_hb1.png",1,,,,
l_medusa_h,"ev_l_medusa_h1.png, ev_l_medusa_h2.png, ev_l_medusa_h3.png, ev_l_medusa_h4.png, ev_l_medusa_h5.png",5,,,,
l_medusa_hb,"ev_l_medusa_hb1.png, ev_l_medusa_hb2.png, ev_l_medusa_hb3.png, ev_l_medusa_hb4.png, ev_l_medusa_hb5.png",5,,,,
lamia_ct,"ev_lamia_ct01.png, ev_lamia_ct02.png, ev_lamia_ct03.png, ev_lamia_ct04.png, ev_lamia_ct05.png",5,,,,
lamia_ctb,"ev_lamia_ctb01.png, ev_lamia_ctb02.png, ev_lamia_ctb03.png",3,,,,
lamia_ha,"ev_lamia_ha1.png, ev_lamia_ha2.png, ev_lamia_ha3.png, ev_lamia_ha4.png, ev_lamia_ha5.png, ev_lamia_ha6.png, ev_lamia_ha7.png, ev_lamia_ha8.png",8,,,,
lamia_hb,"ev_lamia_hb1.png, ev_lamia_hb2.png, ev_lamia_hb3.png",3,,,,
lamia_n_h,"ev_lamia_n_h1.png, ev_lamia_n_h2.png, ev_lamia_n_h3.png",3,,,,
lamiad_ct,"ev_lamiad_ct01.png, ev_lamiad_ct02.png, ev_lamiad_ct03.png, ev_lamiad_ct04.png",4,,,,
lamiad_h,"ev_lamiad_h1.png, ev_lamiad_h2.png, ev_lamiad_h3.png, ev_lamiad_h4.png, ev_lamiad_h5.png, ev_lamiad_h6.png",6,,,,
lamianloid_ct,"ev_lamianloid_ct01.png, ev_lamianloid_ct02.png",2,3,,,3
lamianloid_ct1,"ev_lamianloid_ct11.png, ev_lamianloid_ct12.png",2,,,,
lamianloid_ct2,"ev_lamianloid_ct21.png, ev_lamianloid_ct22.png",2,,,,
lamianloid_ct3,"ev_lamianloid_ct31.png, ev_lamianloid_ct32.png",2,,,,
lamianloid_ha,"ev_lamianloid_ha01.png, ev_lamianloid_ha02.png, ev_lamianloid_ha03.png, ev_lamianloid_ha04.png, ev_lamianloid_ha05.png, ev_lamianloid_ha06.png, ev_lamianloid_ha07.png, ev_lamianloid_ha08.png, ev_lamianloid_ha09.png, ev_lamianloid_ha10.png, ev_lamianloid_ha11.png, ev_lamianloid_ha12.png, ev_lamianloid_ha13.png, ev_lamianloid_ha14.png, ev_lamianloid_ha15.png, ev_lamianloid_ha16.png, ev_lamianloid_ha17.png, ev_lamianloid_ha18.png, ev_lamianloid_ha19.png, ev_lamianloid_ha20.png, ev_lamianloid_ha21.png, ev_lamianloid_ha22.png, ev_lamianloid_ha23.png, ev_lamianloid_ha24.png, ev_lamianloid_ha25.png, ev_lamianloid_ha26.png, ev_lamianloid_ha27.png, ev_lamianloid_ha28.png, ev_lamianloid_ha29.png, ev_lamianloid_ha30.png, ev_lamianloid_ha31.png, ev_lamianloid_ha32.png, ev_lamianloid_ha33.png, ev_lamianloid_ha34.png, ev_lamianloid_ha35.png, ev_lamianloid_ha36.png, ev_lamianloid_ha37.png, ev_lamianloid_ha38.png, ev_lamianloid_ha39.png",39,,,,
lamianloid_hb,"ev_lamianloid_hb01.png, ev_lamianloid_hb02.png, ev_lamianloid_hb03.png, ev_lamianloid_hb04.png, ev_lamianloid_hb05.png, ev_lamianloid_hb06.png, ev_lamianloid_hb07.png, ev_lamianloid_hb08.png, ev_lamianloid_hb09.png, ev_lamianloid_hb10.png, ev_lamianloid_hb11.png, ev_lamianloid_hb12.png, ev_lamianloid_hb13.png, ev_lamianloid_hb14.png, ev_lamianloid_hb15.png, ev_lamianloid_hb16.png, ev_lamianloid_hb17.png, ev_lamianloid_hb18.png, ev_lamianloid_hb19.png, ev_lamianloid_hb20.png, ev_lamianloid_hb21.png, ev_lamianloid_hb22.png, ev_lamianloid_hb23.png, ev_lamianloid_hb24.png, ev_lamianloid_hb25.png, ev_lamianloid_hb26.png, ev_lamianloid_hb27.png, ev_lamianloid_hb28.png, ev_lamianloid_hb29.png, ev_lamianloid_hb30.png, ev_lamianloid_hb31.png, ev_lamianloid_hb32.png, ev_lamianloid_hb33.png, ev_lamianloid_hb34.png, ev_lamianloid_hb35.png",35,,,,
lamias_ha,"ev_lamias_ha1.png, ev_lamias_ha2.png, ev_lamias_ha3.png, ev_lamias_ha4.png",4,3,,,3
lamias_hb,"ev_lamias_hb1.png, ev_lamias_hb2.png, ev_lamias_hb3.png, ev_lamias_hb4.png, ev_lamias_hb5.png",5,,,,
lamias_hc,"ev_lamias_hc1.png, ev_lamias_hc2.png, ev_lamias_hc3.png",3,,,,
lamias_hd,"ev_lamias_hd1.png, ev_lamias_hd2.png, ev_lamias_hd3.png",3,,,,
lamp_h,"ev_lamp_h1.png, ev_lamp_h2.png, ev_lamp_h3.png, ev_lamp_h4.png, ev_lamp_h5.png, ev_lamp_h6.png, ev_lamp_h7.png, ev_lamp_ct01.png, ev_lamp_ct02.png, ev_lamp_ct03.png, ev_lamp_ct04.png",11,,,,
lanpass_h,"ev_lanpass_h1.png, ev_lanpass_h2.png, ev_lanpass_h3.png, ev_lanpass_h4.png, ev_lanpass_h5.png, ev_lanpass_h6.png, ev_lanpass_h7.png, ev_lanpass_h8.png",8,,,,
laplace_ct,"ev_laplace_ct01.png, ev_laplace_ct02.png",2,,,,
laplace_ct1,"ev_laplace_ct11.png, ev_laplace_ct12.png",2,,,,
laplace_ct2,"ev_laplace_ct21.png, ev_laplace_ct22.png",2,,,,
laplace_ha,"ev_laplace_ha01.png, ev_laplace_ha02.png, ev_laplace_ha03.png, ev_laplace_ha04.png, ev_laplace_ha05.png, ev_laplace_ha06.png, ev_laplace_ha07.png, ev_laplace_ha08.png, ev_laplace_ha09.png, ev_laplace_ha10.png",10,,,,
laplace_ha2,"ev_laplace_ha11.png, ev_laplace_ha12.png, ev_laplace_ha13.png",3,,,,
laplace_hb,"ev_laplace_hb01.png, ev_laplace_hb02.png, ev_laplace_hb03.png, ev_laplace_hb04.png, ev_laplace_hb05.png, ev_laplace_hb06.png, ev_laplace_hb07.png, ev_laplace_hb08.png, ev_laplace_hb09.png, ev_laplace_hb10.png, ev_laplace_hb11.png, ev_laplace_hb12.png, ev_laplace_hb13.png, ev_laplace_hb14.png, ev_laplace_hb15.png, ev_laplace_hb16.png, ev_laplace_hb17.png, ev_laplace_hb18.png, ev_laplace_hb19.png, ev_laplace_hb20.png, ev_laplace_hb21.png, ev_laplace_hb22.png, ev_laplace_hb23.png, ev_laplace_hb24.png, ev_laplace_hb25.png, ev_laplace_hb26.png, ev_laplace_hb27.png",27,6,,,6
leeccubus_h,"ev_leeccubus_h1.png, ev_leeccubus_h2.png, ev_leeccubus_h3.png, ev_leeccubus_h4.png, ev_leeccubus_h5.png, ev_leeccubus_h6.png",6,,,,
leeccubus_hb,"ev_leeccubus_hb1.png, ev_leeccubus_hb2.png, ev_leeccubus_hb3.png, ev_leeccubus_hb4.png, ev_leeccubus_hb5.png, ev_leeccubus_hb6.png",6,,,,
lesscubuss_h,"ev_lesscubuss_h1.png, ev_lesscubuss_h2.png, ev_lesscubuss_h3.png, ev_lesscubuss_h4.png, ev_lesscubuss_h5.png, ev_lesscubuss_h6.png, ev_lesscubuss_h7.png, ev_lesscubuss_h8.png, ev_lesscubuss_h9.png",9,,,,
lesscubuss_hb,"ev_lesscubuss_hb01.png, ev_lesscubuss_hb02.png, ev_lesscubuss_hb03.png, ev_lesscubuss_hb04.png, ev_lesscubuss_hb05.png, ev_lesscubuss_hb06.png, ev_lesscubuss_hb07.png, ev_lesscubuss_hb08.png, ev_lesscubuss_hb09.png, ev_lesscubuss_hb10.png",10,,,,
levia_h,"ev_levia_h1.png, ev_levia_h2.png, ev_levia_h3.png, ev_levia_h4.png, ev_levia_h5.png",5,,,,
levia_hb,"ev_levia_hb1.png",1,,,,
libolibo_h,"ev_libolibo_h1.png, ev_libolibo_h2.png, ev_libolibo_h3.png, ev_libolibo_h4.png, ev_libolibo_ct01.png, ev_libolibo_ct02.png, ev_libolibo_ct03.png, ev_libolibo_ct04.png, ev_libolibo_ct05.png, ev_libolibo_ct06.png, ev_libolibo_ct07.png, ev_libolibo_ct08.png, ev_libolibo_ct09.png, ev_libolibo_ct10.png, ev_libolibo_ct11.png",15,,,,
lilith_hb,"ev_lilith_hb1.png, ev_lilith_hb2.png, ev_lilith_hb3.png, ev_lilith_hb4.png, ev_lilith_ha0.png, ev_lilith_ha1.png, ev_lilith_ha2.png, ev_lilith_ha3.png, ev_lilith_ha4.png",9,,,,
lilith_hc,"ev_lilith_hc1.png",1,,,,
lilith2_ha,"ev_lilith2_ha1.png, ev_lilith2_ha2.png, ev_lilith2_ha3.png, ev_lilith2_ha4.png",4,,,,
lilith2_hb,"ev_lilith2_hb1.png, ev_lilith2_hb2.png, ev_lilith2_hb3.png",3,,,,
lilith2_hc,"ev_lilith2_hc1.png, ev_lilith2_hc2.png, ev_lilith2_hc3.png, ev_lilith2_hc4.png",4,,,,
lilith2_hd,"ev_lilith2_hd1.png, ev_lilith2_hd2.png, ev_lilith2_hd3.png, ev_lilith2_hd4.png",4,,,,
lilith2_he,"ev_lilith2_he1.png, ev_lilith2_he2.png, ev_lilith2_he3.png, ev_lilith2_he4.png",4,,,,
lilith2_hf,"ev_lilith2_hf1.png, ev_lilith2_hf2.png, ev_lilith2_hf3.png",3,,,,
lilith2_hg,"ev_lilith2_hg1.png, ev_lilith2_hg2.png, ev_lilith2_hg3.png, ev_lilith2_hg4.png, ev_lilith2_hg5.png",5,,,,
lilith2_hh,"ev_lilith2_hh01.png, ev_lilith2_hh02.png, ev_lilith2_hh03.png, ev_lilith2_hh04.png, ev_lilith2_hh05.png, ev_lilith2_hh06.png, ev_lilith2_hh07.png, ev_lilith2_hh08.png, ev_lilith2_hh09.png, ev_lilith2_hh10.png, ev_lilith2_hh11.png, ev_lilith2_hh12.png, ev_lilith2_hh13.png, ev_lilith2_hh14.png, ev_lilith2_hh15.png, ev_lilith2_hh16.png, ev_lilith2_hh17.png",17,,,,
lilith2_hi,"ev_lilith2_hi01.png, ev_lilith2_hi02.png, ev_lilith2_hi03.png, ev_lilith2_hi04.png, ev_lilith2_hi05.png, ev_lilith2_hi06.png, ev_lilith2_hi07.png, ev_lilith2_hi08.png, ev_lilith2_hi09.png, ev_lilith2_hi10.png, ev_lilith2_hi11.png, ev_lilith2_hi12.png, ev_lilith2_hi13.png, ev_lilith2_hi14.png",14,,,,
lilith2_hm,"ev_lilith2_hm1.png, ev_lilith2_hm2.png, ev_lilith2_hm3.png, ev_lilith2_hm4.png",4,,,,
lilith2_hn,"ev_lilith2_hn1.png, ev_lilith2_hn2.png, ev_lilith2_hn3.png, ev_lilith2_hn4.png, ev_lilith2_hn5.png, ev_lilith2_hn6.png",6,,,,
lilith2_ho,"ev_lilith2_ho1.png, ev_lilith2_ho2.png, ev_lilith2_ho3.png, ev_lilith2_ho4.png, ev_lilith2_ho5.png",5,0,,,
lilith2_hp,"ev_lilith2_hp1.png, ev_lilith2_hp2.png, ev_lilith2_hp3.png, ev_lilith2_hp4.png, ev_lilith2_hp5.png, ev_lilith2_hp6.png, ev_lilith2_hp7.png",7,,,,
lily_h,"ev_lily_h01.png, ev_lily_h02.png, ev_lily_h03.png",3,,,,
lily_h2,"ev_lily_h04.png, ev_lily_h05.png",2,,,,
lily_h3,"ev_lily_h06.png, ev_lily_h07.png, ev_lily_h08.png, ev_lily_h09.png, ev_lily_h10.png, ev_lily_h11.png, ev_lily_h12.png, ev_lily_h13.png",8,,,,
lily_hb,"ev_lily_hb1.png, ev_lily_hb2.png, ev_lily_hb3.png, ev_lily_hb4.png, ev_lily_hb5.png, ev_lily_hb6.png",6,,,,
liot_ha,"ev_liot_ha01.png, ev_liot_ha02.png, ev_liot_ha03.png, ev_liot_ha04.png, ev_liot_ha05.png, ev_liot_ha06.png, ev_liot_ha07.png, ev_liot_ha08.png, ev_liot_ha09.png, ev_liot_ha10.png, ev_liot_ha11.png, ev_liot_ha12.png, ev_liot_ha13.png, ev_liot_ha14.png, ev_liot_ha15.png, ev_liot_ha16.png, ev_liot_ha17.png, ev_liot_ha18.png, ev_liot_ha19.png, ev_liot_ha20.png, ev_liot_ha21.png, ev_liot_ha22.png, ev_liot_ha23.png, ev_liot_ha24.png, ev_liot_ha25.png, ev_liot_ha26.png, ev_liot_ha27.png",27,,,,
liot_hb,"ev_liot_hb01.png, ev_liot_hb02.png, ev_liot_hb03.png, ev_liot_hb04.png, ev_liot_hb05.png, ev_liot_hb06.png, ev_liot_hb07.png, ev_liot_hb08.png, ev_liot_hb09.png, ev_liot_hb10.png, ev_liot_hb11.png, ev_liot_hb12.png, ev_liot_hb13.png, ev_liot_hb14.png, ev_liot_hb15.png",15,,,,
liqurslime_h,"ev_liqurslime_h01.png, ev_liqurslime_h02.png, ev_liqurslime_h03.png, ev_liqurslime_h04.png, ev_liqurslime_h05.png, ev_liqurslime_h06.png, ev_liqurslime_h07.png, ev_liqurslime_h08.png, ev_liqurslime_h09.png, ev_liqurslime_h10.png",10,,,,
liqurslime_hb,"ev_liqurslime_hb1.png, ev_liqurslime_hb2.png, ev_liqurslime_hb3.png, ev_liqurslime_hb4.png, ev_liqurslime_hb5.png, ev_liqurslime_hb6.png, ev_liqurslime_hb7.png, ev_liqurslime_hb8.png, ev_liqurslime_hb9.png",9,,,,
lira_h,"ev_lira_h1.png, ev_lira_h2.png",2,,,,
littlebug_ha,"ev_littlebug_ha01.png, ev_littlebug_ha02.png, ev_littlebug_ha03.png, ev_littlebug_ha04.png, ev_littlebug_ha05.png, ev_littlebug_ha06.png, ev_littlebug_ha07.png, ev_littlebug_ha08.png, ev_littlebug_ha09.png, ev_littlebug_ha10.png, ev_littlebug_ha11.png, ev_littlebug_ha12.png, ev_littlebug_ha13.png, ev_littlebug_ha14.png, ev_littlebug_ha15.png, ev_littlebug_ha16.png, ev_littlebug_ha17.png, ev_littlebug_ha18.png, ev_littlebug_ha19.png, ev_littlebug_ha20.png, ev_littlebug_ha21.png, ev_littlebug_ha22.png, ev_littlebug_ha23.png, ev_littlebug_ha24.png, ev_littlebug_ha25.png, ev_littlebug_ha26.png, ev_littlebug_ha27.png, ev_littlebug_ha28.png, ev_littlebug_ha29.png, ev_littlebug_ha30.png, ev_littlebug_ha31.png",31,,,,
littlebug_hb,"ev_littlebug_hb01.png, ev_littlebug_hb02.png, ev_littlebug_hb03.png, ev_littlebug_hb04.png, ev_littlebug_hb05.png, ev_littlebug_hb06.png, ev_littlebug_hb07.png, ev_littlebug_hb08.png, ev_littlebug_hb09.png, ev_littlebug_hb10.png, ev_littlebug_hb11.png, ev_littlebug_hb12.png, ev_littlebug_hb13.png, ev_littlebug_hb14.png, ev_littlebug_hb15.png, ev_littlebug_hb16.png, ev_littlebug_hb17.png, ev_littlebug_hb18.png, ev_littlebug_hb19.png, ev_littlebug_hb20.png, ev_littlebug_hb21.png, ev_littlebug_hb22.png, ev_littlebug_hb23.png, ev_littlebug_hb24.png, ev_littlebug_hb25.png, ev_littlebug_hb26.png, ev_littlebug_hb27.png, ev_littlebug_hb28.png, ev_littlebug_hb29.png, ev_littlebug_hb30.png, ev_littlebug_hb31.png, ev_littlebug_hb32.png, ev_littlebug_hb33.png, ev_littlebug_hb34.png, ev_littlebug_hb35.png, ev_littlebug_hb36.png, ev_littlebug_hb37.png, ev_littlebug_hb38.png, ev_littlebug_hb39.png, ev_littlebug_hb40.png, ev_littlebug_hb41.png",41,,,,
lizardboss_ha,"ev_lizardboss_ha1.png, ev_lizardboss_ha2.png, ev_lizardboss_ha3.png, ev_lizardboss_ha4.png",4,,,,
lizardboss_hb,"ev_lizardboss_hb1.png, ev_lizardboss_hb2.png, ev_lizardboss_hb3.png, ev_lizardboss_hb4.png",4,,,,
lizardboss_hc,"ev_lizardboss_hc1.png",1,,,,
lizardthief_ha,"ev_lizardthief_ha01.png, ev_lizardthief_ha02.png, ev_lizardthief_ha03.png, ev_lizardthief_ha04.png, ev_lizardthief_ha05.png, ev_lizardthief_ha06.png, ev_lizardthief_ha07.png, ev_lizardthief_ha08.png, ev_lizardthief_ha09.png, ev_lizardthief_ha10.png",10,,,,
lizardthief_hb,"ev_lizardthief_hb1.png, ev_lizardthief_hb2.png, ev_lizardthief_hb3.png, ev_lizardthief_hb4.png, ev_lizardthief_hb5.png",5,,,,
loa_ha,"ev_loa_ha1.png, ev_loa_ha2.png, ev_loa_ha3.png, ev_loa_ha4.png",4,,,,
loa_hb,"ev_loa_hb1.png, ev_loa_hb2.png, ev_loa_hb3.png",3,,,,
loccubus_h,"ev_loccubus_h01.png, ev_loccubus_h02.png, ev_loccubus_h03.png, ev_loccubus_h04.png, ev_loccubus_h05.png, ev_loccubus_h06.png, ev_loccubus_h07.png, ev_loccubus_h08.png, ev_loccubus_h09.png, ev_loccubus_h10.png, ev_loccubus_h11.png",11,,,,
loreley_h,"ev_loreley_h1.png, ev_loreley_h2.png, ev_loreley_h3.png, ev_loreley_h4.png, ev_loreley_h5.png",5,,,,
lovemata_ha,"ev_lovemata_ha1.png, ev_lovemata_ha2.png, ev_lovemata_ha3.png, ev_lovemata_ha4.png",4,,,,
lovemata_hb,"ev_lovemata_hb1.png, ev_lovemata_hb2.png, ev_lovemata_hb3.png, ev_lovemata_hb4.png, ev_lovemata_hb5.png, ev_lovemata_hb6.png, ev_lovemata_hb7.png, ev_lovemata_hb8.png",8,,,,
luksl_ha,"ev_luksl_ha1.png, ev_luksl_ha2.png, ev_luksl_ha3.png, ev_luksl_ha4.png, ev_luksl_ha5.png, ev_luksl_ct01.png, ev_luksl_ct02.png, ev_luksl_ct03.png, ev_luksl_ct04.png",9,,,,
luksl_hb,"ev_luksl_hb1.png, ev_luksl_hb2.png, ev_luksl_hb3.png, ev_luksl_hb4.png, ev_luksl_hb5.png, ev_luksl_hb6.png, ev_luksl_hb7.png, ev_luksl_hb8.png, ev_luksl_hb9.png",9,,,,
lusia_ha,"ev_lusia_ha1.png, ev_lusia_ha2.png, ev_lusia_ha3.png, ev_lusia_ha4.png, ev_lusia_ha5.png",5,,,,
lusia_hb,"ev_lusia_hb1.png, ev_lusia_hb2.png, ev_lusia_hb3.png, ev_lusia_hb4.png, ev_lusia_ct01.png, ev_lusia_ct02.png, ev_lusia_ct03.png, ev_lusia_ct04.png",8,,,,
lusia_hc,"ev_lusia_hc1.png, ev_lusia_hc2.png, ev_lusia_hc3.png, ev_lusia_hc4.png, ev_lusia_hc5.png, ev_lusia_hc6.png, ev_lusia_hc7.png, ev_lusia_hc8.png, ev_lusia_hc9.png",9,,,,
m_batterfly_ha,"ev_m_batterfly_ha01.png, ev_m_batterfly_ha02.png, ev_m_batterfly_ha03.png, ev_m_batterfly_ha04.png, ev_m_batterfly_ha05.png, ev_m_batterfly_ha06.png, ev_m_batterfly_ha07.png, ev_m_batterfly_ha08.png, ev_m_batterfly_ha09.png, ev_m_batterfly_ha10.png, ev_m_batterfly_ha11.png",11,,,,
m_batterfly_hb,"ev_m_batterfly_hb1.png, ev_m_batterfly_hb2.png, ev_m_batterfly_hb3.png, ev_m_batterfly_hb4.png, ev_m_batterfly_hb5.png, ev_m_batterfly_hb6.png, ev_m_batterfly_hb7.png, ev_m_batterfly_hb8.png, ev_m_batterfly_hb9.png",9,,,,
m_dragonfly_h,"ev_m_dragonfly_h01.png, ev_m_dragonfly_h02.png, ev_m_dragonfly_h03.png, ev_m_dragonfly_h04.png, ev_m_dragonfly_h05.png, ev_m_dragonfly_h06.png, ev_m_dragonfly_h07.png, ev_m_dragonfly_h08.png, ev_m_dragonfly_h09.png, ev_m_dragonfly_h10.png",10,,,,
m_elf_h,"ev_m_elf_h01.png, ev_m_elf_h02.png, ev_m_elf_h03.png, ev_m_elf_h04.png, ev_m_elf_h05.png, ev_m_elf_h06.png, ev_m_elf_h07.png, ev_m_elf_h08.png, ev_m_elf_h09.png, ev_m_elf_h10.png",10,,,,
m_fairy_ha,"ev_m_fairy_ha1.png, ev_m_fairy_ha2.png, ev_m_fairy_ha3.png, ev_m_fairy_ha4.png, ev_m_fairy_ha5.png, ev_m_fairy_ha6.png, ev_m_fairy_ha7.png, ev_m_fairy_ha8.png",8,,,,
m_fairy_hb,"ev_m_fairy_hb1.png, ev_m_fairy_hb2.png, ev_m_fairy_hb3.png, ev_m_fairy_hb4.png",4,,,,
m_mino_ha,"ev_m_mino_ha01.png, ev_m_mino_ha02.png, ev_m_mino_ha03.png, ev_m_mino_ha04.png, ev_m_mino_ha05.png, ev_m_mino_ha06.png, ev_m_mino_ha07.png, ev_m_mino_ha08.png, ev_m_mino_ha09.png, ev_m_mino_ha10.png, ev_m_mino_ha11.png, ev_m_mino_ha12.png, ev_m_mino_ha13.png, ev_m_mino_ha14.png",14,,,,
m_mino_hb,"ev_m_mino_hb01.png, ev_m_mino_hb02.png, ev_m_mino_hb03.png, ev_m_mino_hb04.png, ev_m_mino_hb05.png, ev_m_mino_hb06.png, ev_m_mino_hb07.png, ev_m_mino_hb08.png, ev_m_mino_hb09.png, ev_m_mino_hb10.png, ev_m_mino_hb11.png, ev_m_mino_hb12.png, ev_m_mino_hb13.png, ev_m_mino_hb14.png, ev_m_mino_hb15.png, ev_m_mino_hb16.png, ev_m_mino_hb17.png, ev_m_mino_hb18.png, ev_m_mino_hb19.png, ev_m_mino_hb20.png, ev_m_mino_hb21.png, ev_m_mino_hb22.png, ev_m_mino_hb23.png, ev_m_mino_hb24.png, ev_m_mino_hb25.png, ev_m_mino_hb26.png",26,,,,
m_shadow_h,"ev_m_shadow_h1.png, ev_m_shadow_h2.png, ev_m_shadow_h3.png, ev_m_shadow_h4.png, ev_m_shadow_h5.png",5,,,,
m_succubus_h,"ev_m_succubus_h1.png, ev_m_succubus_h2.png, ev_m_succubus_h3.png, ev_m_succubus_h4.png, ev_m_succubus_h5.png, ev_m_succubus_h6.png",6,,,,
m_tento_h,"ev_m_tento_h1.png, ev_m_tento_h2.png, ev_m_tento_h3.png, ev_m_tento_h4.png, ev_m_tento_h5.png, ev_m_tento_h6.png, ev_m_tento_h7.png",7,,,,
maccubus_ct,"ev_maccubus_ct01.png, ev_maccubus_ct02.png, ev_maccubus_ct11.png, ev_maccubus_ct12.png",4,,,,
maccubus_ct2,"ev_maccubus_ct21.png, ev_maccubus_ct22.png, ev_maccubus_ct31.png, ev_maccubus_ct32.png",4,,,,
maccubus_h,"ev_maccubus_h00.png, ev_maccubus_h01.png, ev_maccubus_h02.png, ev_maccubus_h03.png, ev_maccubus_h04.png, ev_maccubus_h05.png, ev_maccubus_h06.png, ev_maccubus_h07.png, ev_maccubus_h10.png, ev_maccubus_h11.png, ev_maccubus_h12.png, ev_maccubus_h13.png, ev_maccubus_h14.png, ev_maccubus_h15.png, ev_maccubus_h16.png, ev_maccubus_h17.png",16,,,,
maccubus_h2,"ev_maccubus_h21.png, ev_maccubus_h22.png, ev_maccubus_h31.png, ev_maccubus_h32.png",4,,,,
madaminsect_h,"ev_madaminsect_h1.png, ev_madaminsect_h2.png, ev_madaminsect_h3.png, ev_madaminsect_h4.png, ev_madaminsect_ct01.png, ev_madaminsect_ct02.png, ev_madaminsect_ct03.png, ev_madaminsect_ct04.png",8,,,,
madaminsect_hb,"ev_madaminsect_hb1.png",1,,,,
madamlamia_h,"ev_madamlamia_h1.png, ev_madamlamia_h2.png, ev_madamlamia_h3.png, ev_madamlamia_h4.png, ev_madamlamia_h5.png, ev_madamlamia_h6.png",6,,,,
madamumbrella_h,"ev_madamumbrella_h01.png, ev_madamumbrella_h02.png, ev_madamumbrella_h03.png, ev_madamumbrella_h04.png",4,,,,
madamumbrella_h2,"ev_madamumbrella_h05.png, ev_madamumbrella_h06.png, ev_madamumbrella_h07.png, ev_madamumbrella_h08.png, ev_madamumbrella_h09.png, ev_madamumbrella_h10.png, ev_madamumbrella_h11.png",7,,,,
madgolem_ct,"ev_madgolem_ct01.png, ev_madgolem_ct02.png, ev_madgolem_ct03.png, ev_madgolem_ct04.png",4,,,,
magatu_h,"ev_magatu_h1.png, ev_magatu_h2.png, ev_magatu_h3.png, ev_magatu_h4.png, ev_magatu_h5.png, ev_magatu_h6.png, ev_magatu_h7.png, ev_magatu_h8.png",8,,,,
magatu_hb,"ev_magatu_hb1.png, ev_magatu_hb2.png",2,,,,
magatuomikami_h,"ev_magatuomikami_h1.png, ev_magatuomikami_h2.png, ev_magatuomikami_h3.png, ev_magatuomikami_h4.png",4,,,,
magda_ha,"ev_magda_ha1.png, ev_magda_ha2.png, ev_magda_ha3.png, ev_magda_ha4.png, ev_magda_ha5.png, ev_magda_ha6.png, ev_magda_ha7.png",7,,,,
magda_hb,"ev_magda_hb1.png, ev_magda_hb2.png, ev_magda_hb3.png, ev_magda_hb4.png, ev_magda_hb5.png",5,,,,
magicpot_h,"ev_magicpot_h1.png, ev_magicpot_h2.png, ev_magicpot_h3.png, ev_magicpot_h4.png, ev_magicpot_h5.png, ev_magicpot_h6.png, ev_magicpot_h7.png, ev_magicpot_h8.png",8,,,,
maid_angel_h,"ev_maid_angel_h1.png, ev_maid_angel_h2.png, ev_maid_angel_h3.png, ev_maid_angel_h4.png",4,,,,
maidscyulla_ct,"ev_maidscyulla_ct01.png, ev_maidscyulla_ct02.png, ev_maidscyulla_ct03.png, ev_maidscyulla_h01.png, ev_maidscyulla_h02.png, ev_maidscyulla_h03.png, ev_maidscyulla_h08.png, ev_maidscyulla_h09.png, ev_maidscyulla_h10.png",9,,,,
maidscyulla_h,"ev_maidscyulla_h01.png, ev_maidscyulla_h02.png, ev_maidscyulla_h03.png, ev_maidscyulla_h04.png, ev_maidscyulla_h05.png, ev_maidscyulla_h06.png, ev_maidscyulla_h07.png, ev_maidscyulla_ct11.png, ev_maidscyulla_ct12.png",9,,,,
maikonido_ha,"ev_maikonido_ha1.png, ev_maikonido_ha2.png, ev_maikonido_ha3.png, ev_maikonido_ct01.png, ev_maikonido_ct02.png, ev_maikonido_ct03.png, ev_maikonido_ct04.png",7,,,,
maikonido_hb,"ev_maikonido_hb1.png, ev_maikonido_hb2.png, ev_maikonido_hb3.png",3,,,,
mametanuki_h,"ev_mametanuki_h1.png, ev_mametanuki_h2.png, ev_mametanuki_h3.png, ev_mametanuki_h4.png, ev_mametanuki_h5.png, ev_mametanuki_h6.png, ev_mametanuki_h7.png, ev_mametanuki_h8.png",8,,,,
manta_h,"ev_manta_h1.png, ev_manta_h2.png, ev_manta_h3.png, ev_manta_h4.png",4,,,,
manta_hb,"ev_manta_hb1.png, ev_manta_hb2.png, ev_manta_hb3.png, ev_manta_hb4.png",4,,,,
marchosias_h,"ev_marchosias_h1.png, ev_marchosias_h2.png, ev_marchosias_h3.png, ev_marchosias_h4.png, ev_marchosias_h5.png",5,,,,
mariel_ha,"ev_mariel_ha01.png, ev_mariel_ha02.png, ev_mariel_ha03.png, ev_mariel_ha04.png, ev_mariel_ha05.png, ev_mariel_ha06.png, ev_mariel_ha07.png, ev_mariel_ha08.png, ev_mariel_ha09.png, ev_mariel_ha10.png",10,,,,
mariel_hb,"ev_mariel_hb1.png, ev_mariel_hb2.png, ev_mariel_hb3.png, ev_mariel_hb4.png, ev_mariel_hb5.png, ev_mariel_hb6.png, ev_mariel_hb7.png, ev_mariel_hb8.png, ev_mariel_hb9.png",9,,,,
mariel_hc,"ev_mariel_hc1.png, ev_mariel_hc2.png, ev_mariel_hc3.png, ev_mariel_hc4.png, ev_mariel_hc5.png, ev_mariel_hc6.png, ev_mariel_hc7.png, ev_mariel_hc8.png, ev_mariel_hc9.png",9,,,,
masutema_hb,"ev_masutema_hb01.png, ev_masutema_hb02.png, ev_masutema_hb03.png, ev_masutema_hb04.png, ev_masutema_hb05.png, ev_masutema_hb06.png, ev_masutema_hb07.png, ev_masutema_hb08.png, ev_masutema_hb09.png, ev_masutema_hb10.png, ev_masutema_hb11.png, ev_masutema_hb12.png, ev_masutema_hb13.png",13,,,,
masutema_hc,"ev_masutema_hc01.png, ev_masutema_hc02.png, ev_masutema_hc03.png, ev_masutema_hc04.png, ev_masutema_hc05.png, ev_masutema_hc06.png, ev_masutema_hc07.png, ev_masutema_hc08.png, ev_masutema_hc09.png, ev_masutema_hc10.png, ev_masutema_hc11.png",11,,,,
matango_h,"ev_matango_h01.png, ev_matango_h02.png, ev_matango_h03.png, ev_matango_h04.png, ev_matango_h05.png, ev_matango_h06.png, ev_matango_h07.png, ev_matango_h08.png, ev_matango_h09.png, ev_matango_h10.png",10,,,,
maycubbus_ha,"ev_maycubbus_ha1.png, ev_maycubbus_ha2.png, ev_maycubbus_ha3.png, ev_maycubbus_ha4.png, ev_maycubbus_ha5.png, ev_maycubbus_ha6.png",6,,,,
maycubbus_hb,"ev_maycubbus_hb1.png, ev_maycubbus_hb2.png, ev_maycubbus_hb3.png, ev_maycubbus_hb4.png, ev_maycubbus_hb5.png, ev_maycubbus_hb6.png",6,,,,
maycubbus_hc,"ev_maycubbus_hc1.png, ev_maycubbus_hc2.png, ev_maycubbus_hc3.png, ev_maycubbus_hc4.png",4,,,,
maycubbus_hd,"ev_maycubbus_hd1.png, ev_maycubbus_hd2.png, ev_maycubbus_hd3.png, ev_maycubbus_hd4.png, ev_maycubbus_hd5.png",5,,,,
maycubbus_he,"ev_maycubbus_he1.png, ev_maycubbus_he2.png, ev_maycubbus_he3.png, ev_maycubbus_he4.png",4,,,,
maycubbus_hf,"ev_maycubbus_hf1.png, ev_maycubbus_hf2.png, ev_maycubbus_hf3.png, ev_maycubbus_hf4.png",4,,,,
mazin_ha,"ev_mazin_h4a.png, ev_mazin_h5a.png, ev_mazin_h6a.png, ev_mazin_h7a.png, ev_mazin_h1.png, ev_mazin_h2.png, ev_mazin_h3.png, ev_mazin_h4.png, ev_mazin_h5.png, ev_mazin_h6.png, ev_mazin_h7.png",11,,,,
mdg_ct,"ev_mdg_ct11.png, ev_mdg_ct12.png, ev_mdg_ct13.png",3,,,,
mdg_ct1,"ev_mdg_ct21.png, ev_mdg_ct22.png, ev_mdg_ct23.png",3,,,,
mdg_ct2,"ev_mdg_ct31.png, ev_mdg_ct32.png, ev_mdg_ct33.png, ev_mdg_ct34.png",4,,,,
mdg_h,"ev_mdg_h1.png, ev_mdg_h2.png, ev_mdg_h3.png, ev_mdg_h4.png",4,,,,
meda_h,"ev_meda_h1.png, ev_meda_h2.png, ev_meda_h3.png, ev_meda_h4.png, ev_meda_ct01.png, ev_meda_ct02.png, ev_meda_ct03.png, ev_meda_ct04.png",8,,,,
meda_ha,"ev_meda_ha1.png, ev_meda_ha2.png, ev_meda_ha3.png, ev_meda_ha4.png",4,,,,
medusa_h,"ev_medusa_h1.png, ev_medusa_h2.png, ev_medusa_h3.png, ev_medusa_h4.png, ev_medusa_h5.png, ev_medusa_h6.png",6,,,,
medusa_hb,"ev_medusa_hb1.png, ev_medusa_hb2.png, ev_medusa_hb3.png, ev_medusa_hb4.png, ev_medusa_hb5.png",5,,,,
mefist_ha,"ev_mefist_ha01.png, ev_mefist_ha02.png, ev_mefist_ha03.png, ev_mefist_ha04.png, ev_mefist_ha05.png, ev_mefist_ha06.png, ev_mefist_ha07.png, ev_mefist_ha08.png, ev_mefist_ha09.png, ev_mefist_ha10.png, ev_mefist_ha11.png, ev_mefist_ha12.png, ev_mefist_ha13.png, ev_mefist_ha14.png, ev_mefist_ha15.png, ev_mefist_ha16.png",16,,,,
mefist_hb,"ev_mefist_hb1.png, ev_mefist_hb2.png, ev_mefist_hb3.png, ev_mefist_hb4.png, ev_mefist_hb5.png, ev_mefist_hb6.png",6,,,,
mefist_hc,"ev_mefist_hc1.png, ev_mefist_hc2.png, ev_mefist_hc3.png, ev_mefist_hc4.png, ev_mefist_hc5.png, ev_mefist_hc6.png, ev_mefist_hc7.png",7,,,,
mefist_hf,"ev_mefist_hf1.png, ev_mefist_hf2.png, ev_mefist_hf3.png, ev_mefist_hf4.png, ev_mefist_hf5.png",5,,,,
mefist_hg,"ev_mefist_hg1.png, ev_mefist_hg2.png, ev_mefist_hg3.png, ev_mefist_hg4.png, ev_mefist_hg5.png",5,,,,
mefist_hh,"ev_mefist_hh1.png, ev_mefist_hh2.png, ev_mefist_hh3.png, ev_mefist_hh4.png, ev_mefist_hh5.png, ev_mefist_hh6.png, ev_mefist_hh7.png, ev_mefist_hh8.png",8,3,,,3
megami_h,"ev_megami_h1.png, ev_megami_h2.png, ev_megami_h3.png",3,,,,
megidryad_hb,"ev_megidryad_hb1.png, ev_megidryad_hb2.png, ev_megidryad_hb3.png, ev_megidryad_hb4.png, ev_megidryad_hb5.png",5,,,,
megidryad_hc,"ev_megidryad_hc1.png, ev_megidryad_hc2.png, ev_megidryad_hc3.png, ev_megidryad_hc4.png, ev_megidryad_hc5.png, ev_megidryad_hc6.png, ev_megidryad_hc7.png, ev_megidryad_hc8.png",8,,,,
meia_ha,"ev_meia_ha1.png, ev_meia_ha2.png, ev_meia_ha3.png, ev_meia_ha4.png",4,,,,
meia_hb,"ev_meia_hb1.png, ev_meia_hb2.png, ev_meia_hb3.png, ev_meia_hb4.png",4,3,,,3
meltymoss_h,"ev_meltymoss_h1.png, ev_meltymoss_h2.png, ev_meltymoss_h3.png",3,,,,
meltyrose_h,"ev_meltyrose_h1.png, ev_meltyrose_h2.png, ev_meltyrose_h3.png, ev_meltyrose_h4.png, ev_meltyrose_h5.png, ev_meltyrose_h6.png, ev_meltyrose_h7.png",7,,,,
merkava_ha,"ev_merkava_ha1.png, ev_merkava_ha2.png, ev_merkava_ha3.png, ev_merkava_ha4.png, ev_merkava_ha5.png",5,,,,
merkava_hb,"ev_merkava_hb1.png, ev_merkava_hb2.png, ev_merkava_hb3.png, ev_merkava_hb4.png, ev_merkava_hb5.png",5,6,,,6
mermaid_h,"ev_mermaid_h1.png, ev_mermaid_h2.png, ev_mermaid_h3.png, ev_mermaid_h4.png",4,,,,
merusiel_ct,"ev_merusiel_ct01.png, ev_merusiel_ct02.png, ev_merusiel_ct03.png, ev_merusiel_ct04.png",4,,,,
merusiel_ct2,"ev_merusiel_ct11.png, ev_merusiel_ct12.png, ev_merusiel_ct13.png, ev_merusiel_ct14.png",4,,,,
merusiel_ha,"ev_merusiel_ha1.png, ev_merusiel_ha2.png, ev_merusiel_ha3.png, ev_merusiel_ha4.png, ev_merusiel_ha5.png",5,,,,
merusiel_hb,"ev_merusiel_hb1.png, ev_merusiel_hb2.png, ev_merusiel_hb3.png, ev_merusiel_hb4.png, ev_merusiel_hb5.png, ev_merusiel_hb6.png",6,,,,
metatorone_h,"ev_metatorone_h01.png, ev_metatorone_h02.png, ev_metatorone_h03.png, ev_metatorone_h04.png, ev_metatorone_h05.png, ev_metatorone_h06.png, ev_metatorone_h07.png, ev_metatorone_h08.png, ev_metatorone_h09.png, ev_metatorone_h10.png, ev_metatorone_h11.png, ev_metatorone_h12.png, ev_metatorone_h13.png, ev_metatorone_h14.png, ev_metatorone_h15.png, ev_metatorone_h16.png, ev_metatorone_h17.png, ev_metatorone_h18.png",18,,,,
micaela_hb,"ev_micaela_hb1.png, ev_micaela_hb2.png, ev_micaela_hb3.png",3,,,,
micaela_hc,"ev_micaela_hc1.png, ev_micaela_hc2.png, ev_micaela_hc3.png, ev_micaela_hc4.png",4,,,,
micaelac_h,"ev_micaelac_h1.png, ev_micaelac_h2.png, ev_micaelac_h3.png",3,,,,
micaelac_hb,"ev_micaelac_hb1.png, ev_micaelac_hb2.png, ev_micaelac_hb3.png",3,,,,
micaelac_hc,"ev_micaelac_hc1.png",1,,,,
mikoarachne_ha,"ev_mikoarachne_ha1.png, ev_mikoarachne_ha2.png, ev_mikoarachne_ha3.png, ev_mikoarachne_ha4.png, ev_mikoarachne_ha5.png, ev_mikoarachne_ha6.png",6,,,,
mikoarachne_hb,"ev_mikoarachne_hb1.png, ev_mikoarachne_hb2.png, ev_mikoarachne_hb3.png, ev_mikoarachne_hb4.png, ev_mikoarachne_hb5.png, ev_mikoarachne_hb6.png",6,,,,
mikolamia_ha,"ev_mikolamia_ha1.png, ev_mikolamia_ha2.png, ev_mikolamia_ha3.png, ev_mikolamia_ha4.png",4,,,,
mikolamia_hb,"ev_mikolamia_hb1.png, ev_mikolamia_hb2.png, ev_mikolamia_hb3.png, ev_mikolamia_hb4.png",4,,,,
mikolamia_hc,"ev_mikolamia_hc1.png, ev_mikolamia_hc2.png, ev_mikolamia_hc3.png, ev_mikolamia_hc4.png",4,,,,
mimic_ct,"ev_mimic_ct01.png, ev_mimic_ct02.png, ev_mimic_ct03.png, ev_mimic_st21.png, ev_mimic_st22.png",5,,,,
mimic_st,"ev_mimic_st21.png, ev_mimic_st22.png, ev_mimic_ct11.png, ev_mimic_ct12.png, ev_mimic_ct13.png, ev_mimic_ct14.png",6,,,,
mimizu_h,"ev_mimizu_h1.png, ev_mimizu_h2.png, ev_mimizu_h3.png, ev_mimizu_h4.png, ev_mimizu_h5.png, ev_mimizu_h6.png",6,,,,
minagi_ha,"ev_minagi_ha01.png, ev_minagi_ha02.png, ev_minagi_ha03.png, ev_minagi_ha04.png, ev_minagi_ha05.png, ev_minagi_ha06.png, ev_minagi_ha07.png, ev_minagi_ha08.png, ev_minagi_ha09.png, ev_minagi_ha10.png",10,,,,
minagi_hd,"ev_minagi_hd1.png, ev_minagi_hd2.png, ev_minagi_hd3.png, ev_minagi_hd4.png, ev_minagi_hd5.png, ev_minagi_hd6.png, ev_minagi_hd7.png, ev_minagi_hd8.png",8,,,,
minagi_he,"ev_minagi_he1.png, ev_minagi_he2.png, ev_minagi_he3.png, ev_minagi_he4.png, ev_minagi_he5.png, ev_minagi_he6.png, ev_minagi_he7.png, ev_minagi_he8.png, ev_minagi_he9.png",9,,,,
minccubus_ct,"ev_minccubus_ct01.png, ev_minccubus_ct02.png",2,,,,
minccubus_ct2,"ev_minccubus_ct11.png, ev_minccubus_ct12.png",2,,,,
minccubus_ct3,"ev_minccubus_ct21.png, ev_minccubus_ct22.png",2,,,,
minccubus_ha,"ev_minccubus_ha1.png, ev_minccubus_ha2.png, ev_minccubus_ha3.png, ev_minccubus_ha4.png",4,,,,
minccubus_hb,"ev_minccubus_hb01.png, ev_minccubus_hb02.png, ev_minccubus_hb03.png, ev_minccubus_hb04.png, ev_minccubus_hb05.png, ev_minccubus_hb06.png, ev_minccubus_hb07.png, ev_minccubus_hb08.png, ev_minccubus_hb09.png, ev_minccubus_hb10.png, ev_minccubus_hb11.png, ev_minccubus_hb12.png",12,,,,
minccubus_hc,"ev_minccubus_hc1.png, ev_minccubus_hc2.png, ev_minccubus_hc3.png, ev_minccubus_hc4.png, ev_minccubus_hc5.png",5,,,,
minikani_h,"ev_minikani_h1.png, ev_minikani_h2.png, ev_minikani_h3.png, ev_minikani_h4.png",4,,,,
mino_ct,"ev_mino_ct11.png, ev_mino_ct12.png, ev_mino_ct13.png",3,,,,
mino_h,"ev_mino_h1.png, ev_mino_h2.png, ev_mino_h3.png, ev_mino_ct01.png, ev_mino_ct02.png, ev_mino_ct03.png, ev_mino_ct04.png, ev_mino_ct05.png",8,,,,
mistilteinn_h,"ev_mistilteinn_h1.png, ev_mistilteinn_h2.png, ev_mistilteinn_h3.png, ev_mistilteinn_h4.png, ev_mistilteinn_h5.png, ev_mistilteinn_h6.png, ev_mistilteinn_h7.png",7,,,,
mistilteinn_hb,"ev_mistilteinn_hb1.png, ev_mistilteinn_hb2.png, ev_mistilteinn_hb3.png, ev_mistilteinn_hb4.png, ev_mistilteinn_hb5.png, ev_mistilteinn_hb6.png, ev_mistilteinn_hb7.png",7,,,,
mitubati_ct,"ev_mitubati_ct01.png, ev_mitubati_ct02.png, ev_mitubati_ct03.png, ev_mitubati_ct04.png, ev_mitubati_h1.png, ev_mitubati_h2.png, ev_mitubati_h3.png, ev_mitubati_h4.png",8,,,,
mitubati_ctb,"ev_mitubati_ctb01.png, ev_mitubati_ctb02.png, ev_mitubati_ctb03.png, ev_mitubati_ctb04.png, ev_mitubati_h1.png, ev_mitubati_h2.png, ev_mitubati_h3.png, ev_mitubati_h4.png",8,0,,,
mitubati_hb,"ev_mitubati_hb1.png, ev_mitubati_hb2.png, ev_mitubati_hb3.png, ev_mitubati_hb4.png",4,,,,
mitutubo_ha,"ev_mitutubo_ha1.png, ev_mitutubo_ha2.png, ev_mitutubo_ha3.png, ev_mitutubo_ha4.png, ev_mitutubo_ha5.png",5,,,,
mitutubo_hb,"ev_mitutubo_hb1.png, ev_mitutubo_hb2.png, ev_mitutubo_hb3.png, ev_mitutubo_hb4.png",4,,,,
miyabihime_ha,"ev_miyabihime_ha1.png, ev_miyabihime_ha2.png, ev_miyabihime_ha3.png, ev_miyabihime_hd1.png, ev_miyabihime_hd2.png, ev_miyabihime_hd3.png",6,,,,
mob_assasin1_h,"ev_mob_assasin1_h1.png, ev_mob_assasin1_h2.png, ev_mob_assasin1_h3.png",3,,,,
mob_bukiya1_h,"ev_mob_bukiya1_h1.png, ev_mob_bukiya1_h2.png, ev_mob_bukiya1_h3.png",3,,,,
mob_bunny1_h,"ev_mob_bunny1_h1.png, ev_mob_bunny1_h2.png, ev_mob_bunny1_h3.png, ev_mob_bunny1_h4.png, ev_mob_bunny1_h5.png",5,,,,
mob_elf1_h,"ev_mob_elf1_h1.png, ev_mob_elf1_h2.png, ev_mob_elf1_h3.png, ev_mob_elf1_h4.png",4,,,,
mob_elf2_h,"ev_mob_elf2_h1.png, ev_mob_elf2_h2.png, ev_mob_elf2_h3.png, ev_mob_elf2_h4.png",4,,,,
mob_elf3_h,"ev_mob_elf3_h1.png",1,,,,
mob_gakusya1_h,"ev_mob_gakusya1_h1.png, ev_mob_gakusya1_h2.png, ev_mob_gakusya1_h3.png",3,,,,
mob_gakusya2_h,"ev_mob_gakusya2_h1.png, ev_mob_gakusya2_h2.png, ev_mob_gakusya2_h3.png",3,,,,
mob_hime_h,"ev_mob_hime_h1.png, ev_mob_hime_h2.png, ev_mob_hime_h3.png, ev_mob_hime_h4.png, ev_mob_hime_h5.png, ev_mob_hime_h6.png, ev_mob_hime_h7.png",7,,,,
mob_hurou_h,"ev_mob_hurou_h01.png, ev_mob_hurou_h02.png, ev_mob_hurou_h03.png, ev_mob_hurou_h04.png, ev_mob_hurou_h05.png, ev_mob_hurou_h06.png, ev_mob_hurou_h07.png, ev_mob_hurou_h08.png, ev_mob_hurou_h09.png",9,,,,
mob_hurou_hb,"ev_mob_hurou_hb1.png, ev_mob_hurou_hb2.png, ev_mob_hurou_hb3.png",3,2,,,2
mob_kaihei_h,"ev_mob_kaihei_h1.png, ev_mob_kaihei_h2.png, ev_mob_kaihei_h3.png",3,,,,
mob_kaizoku1_h,"ev_mob_kaizoku1_h1.png, ev_mob_kaizoku1_h2.png, ev_mob_kaizoku1_h3.png, ev_mob_kaizoku1_h4.png, ev_mob_kaizoku1_h5.png, ev_mob_kaizoku1_h6.png",6,,,,
mob_kaizoku2_ha,"ev_mob_kaizoku2_ha1.png, ev_mob_kaizoku2_ha2.png, ev_mob_kaizoku2_ha3.png, ev_mob_kaizoku2_ha4.png",4,,,,
mob_kaizoku2_hb,"ev_mob_kaizoku2_hb1.png, ev_mob_kaizoku2_hb2.png, ev_mob_kaizoku2_hb3.png, ev_mob_kaizoku2_hb4.png",4,,,,
mob_kaizoku2_hc,"ev_mob_kaizoku2_hc1.png, ev_mob_kaizoku2_hc2.png, ev_mob_kaizoku2_hc3.png, ev_mob_kaizoku2_hc4.png",4,,,,
mob_kaizoku2_hd,"ev_mob_kaizoku2_hd1.png, ev_mob_kaizoku2_hd2.png, ev_mob_kaizoku2_hd3.png, ev_mob_kaizoku2_hd4.png",4,,,,
mob_kaizoku2_he,"ev_mob_kaizoku2_he1.png, ev_mob_kaizoku2_he2.png, ev_mob_kaizoku2_he3.png, ev_mob_kaizoku2_he4.png, ev_mob_kaizoku2_he5.png, ev_mob_kaizoku2_he6.png",6,,,,
mob_kaizoku3_h,"ev_mob_kaizoku3_h1.png, ev_mob_kaizoku3_h2.png, ev_mob_kaizoku3_h3.png, ev_mob_kaizoku3_h4.png, ev_mob_kaizoku3_h5.png, ev_mob_kaizoku3_h6.png, ev_mob_kaizoku3_h7.png, ev_mob_kaizoku3_h8.png, ev_mob_kaizoku3_h9.png",9,,,,
mob_kakutou_h,"ev_mob_kakutou_h1.png, ev_mob_kakutou_h2.png, ev_mob_kakutou_h3.png",3,,,,
mob_kisi_h,"ev_mob_kisi_h1.png, ev_mob_kisi_h2.png, ev_mob_kisi_h3.png, ev_mob_kisi_h4.png, ev_mob_kisi_h5.png",5,,,,
mob_kizoku_ha,"ev_mob_kizoku_ha1.png, ev_mob_kizoku_ha2.png, ev_mob_kizoku_ha3.png, ev_mob_kizoku_ha4.png, ev_mob_kizoku_ha5.png",5,,,,
mob_kizoku_hb,"ev_mob_kizoku_hb1.png, ev_mob_kizoku_hb2.png, ev_mob_kizoku_hb3.png, ev_mob_kizoku_hb4.png",4,,,,
mob_kizoku_hc,"ev_mob_kizoku_hc1.png, ev_mob_kizoku_hc2.png",2,,,,
mob_kizoku_hd,"ev_mob_kizoku_hd1.png, ev_mob_kizoku_hd2.png, ev_mob_kizoku_hd3.png",3,,,,
mob_mahousyouzyo_h,"ev_mob_mahousyouzyo_h1.png",1,,,,
mob_mahousyouzyo_hb,"ev_mob_mahousyouzyo_hb1.png",1,,,,
mob_maid_h,"ev_mob_maid_h1.png, ev_mob_maid_h2.png, ev_mob_maid_h3.png, ev_mob_maid_h4.png, ev_mob_maid_h5.png, ev_mob_maid_h6.png",6,,,,
mob_maid1_ha,"ev_mob_maid1_ha1.png, ev_mob_maid1_ha2.png, ev_mob_maid1_ha3.png, ev_mob_maid1_ha4.png, ev_mob_maid1_ha5.png, ev_mob_maid1_ha6.png, ev_mob_maid1_ha7.png",7,,,,
mob_maid1_hb,"ev_mob_maid1_hb01.png, ev_mob_maid1_hb02.png, ev_mob_maid1_hb03.png, ev_mob_maid1_hb04.png, ev_mob_maid1_hb05.png, ev_mob_maid1_hb06.png, ev_mob_maid1_hb07.png, ev_mob_maid1_hb08.png, ev_mob_maid1_hb09.png, ev_mob_maid1_hb10.png, ev_mob_maid1_hb11.png, ev_mob_maid1_hb12.png",12,,,,
mob_maid2_h,"ev_mob_maid2_h1.png, ev_mob_maid2_h2.png, ev_mob_maid2_h3.png, ev_mob_maid2_h4.png, ev_mob_maid2_h5.png, ev_mob_maid2_h6.png",6,,,,
mob_maid3_h,"ev_mob_maid3_h1.png, ev_mob_maid3_h2.png, ev_mob_maid3_h3.png",3,,,,
mob_maid4_h,"ev_mob_maid4_h1.png, ev_mob_maid4_h2.png, ev_mob_maid4_h3.png",3,,,,
mob_majyo1_h,"ev_mob_majyo1_h1.png, ev_mob_majyo1_h2.png",2,,,,
mob_miko1_ha,"ev_mob_miko1_ha1.png, ev_mob_miko1_ha2.png, ev_mob_miko1_ha3.png, ev_mob_miko1_ha4.png, ev_mob_miko1_ha5.png, ev_mob_miko1_ha6.png, ev_mob_miko1_ha7.png",7,,,,
mob_miko1_hb,"ev_mob_miko1_hb1.png, ev_mob_miko1_hb2.png, ev_mob_miko1_hb3.png, ev_mob_miko1_hb4.png",4,,,,
mob_miko2_h,"ev_mob_miko2_h1.png, ev_mob_miko2_h2.png, ev_mob_miko2_h3.png, ev_mob_miko2_h4.png, ev_mob_miko2_h5.png, ev_mob_miko2_h6.png",6,,,,
mob_murabito1_h,"ev_mob_murabito1_h1.png, ev_mob_murabito1_h2.png, ev_mob_murabito1_h3.png",3,,,,
mob_murabito2_h,"ev_mob_murabito2_h1.png, ev_mob_murabito2_h2.png, ev_mob_murabito2_h3.png",3,,,,
mob_murabito3_ha,"ev_mob_murabito3_ha1.png, ev_mob_murabito3_ha2.png, ev_mob_murabito3_ha3.png, ev_mob_murabito3_ha4.png, ev_mob_murabito3_ha5.png, ev_mob_murabito3_ha6.png",6,,,,
mob_murabito3_hb,"ev_mob_murabito3_hb1.png, ev_mob_murabito3_hb2.png, ev_mob_murabito3_hb3.png, ev_mob_murabito3_hb4.png, ev_mob_murabito3_hb5.png, ev_mob_murabito3_hb6.png, ev_mob_murabito3_hb7.png",7,,,,
mob_murabito4_h,"ev_mob_murabito4_h1.png, ev_mob_murabito4_h2.png, ev_mob_murabito4_h3.png, ev_mob_murabito4_h4.png",4,,,,
mob_murabito5_h,"ev_mob_murabito5_h1.png, ev_mob_murabito5_h2.png",2,,,,
mob_nasu1_h,"ev_mob_nasu1_h1.png, ev_mob_nasu1_h2.png, ev_mob_nasu1_h3.png, ev_mob_nasu1_h4.png, ev_mob_nasu1_h5.png",5,,,,
mob_ninzya1_h,"ev_mob_ninzya1_h1.png, ev_mob_ninzya1_h2.png",2,,,,
mob_ninzya2_h,"ev_mob_ninzya2_h1.png, ev_mob_ninzya2_h2.png, ev_mob_ninzya2_h3.png, ev_mob_ninzya2_h4.png",4,,,,
mob_ninzya3_h,"ev_mob_ninzya3_h1.png, ev_mob_ninzya3_h2.png, ev_mob_ninzya3_h3.png",3,,,,
mob_odoriko1_h,"ev_mob_odoriko1_h1.png, ev_mob_odoriko1_h2.png, ev_mob_odoriko1_h3.png, ev_mob_odoriko1_h4.png, ev_mob_odoriko1_h5.png",5,,,,
mob_rakunou_h,"ev_mob_rakunou_h1.png, ev_mob_rakunou_h2.png, ev_mob_rakunou_h3.png",3,,,,
mob_samurai_h,"ev_mob_samurai_h1.png, ev_mob_samurai_h2.png, ev_mob_samurai_h3.png, ev_mob_samurai_h4.png, ev_mob_samurai_h5.png",5,,,,
mob_sister1_h,"ev_mob_sister1_h01.png, ev_mob_sister1_h02.png, ev_mob_sister1_h03.png, ev_mob_sister1_h04.png, ev_mob_sister1_h05.png, ev_mob_sister1_h06.png, ev_mob_sister1_h07.png, ev_mob_sister1_h08.png, ev_mob_sister1_h09.png, ev_mob_sister1_h10.png",10,,,,
mob_sister2_h,"ev_mob_sister2_h1.png, ev_mob_sister2_h2.png, ev_mob_sister2_h3.png",3,,,,
mob_syohu_h,"ev_mob_syohu_h1.png, ev_mob_syohu_h2.png, ev_mob_syohu_h3.png",3,,,,
mob_syuzin_h,"ev_mob_syuzin_h01.png, ev_mob_syuzin_h02.png, ev_mob_syuzin_h03.png, ev_mob_syuzin_h04.png, ev_mob_syuzin_h05.png, ev_mob_syuzin_h06.png, ev_mob_syuzin_h07.png, ev_mob_syuzin_h08.png, ev_mob_syuzin_h09.png, ev_mob_syuzin_h10.png, ev_mob_syuzin_h11.png, ev_mob_syuzin_h12.png, ev_mob_syuzin_h13.png, ev_mob_syuzin_h14.png, ev_mob_syuzin_h15.png, ev_mob_syuzin_h16.png, ev_mob_syuzin_h17.png, ev_mob_syuzin_h18.png, ev_mob_syuzin_h19.png, ev_mob_syuzin_h20.png, ev_mob_syuzin_h21.png, ev_mob_syuzin_h22.png, ev_mob_syuzin_h23.png, ev_mob_syuzin_h24.png, ev_mob_syuzin_h25.png, ev_mob_syuzin_h26.png, ev_mob_syuzin_h27.png",27,,,,
mob_touzoku_h,"ev_mob_touzoku_h1.png, ev_mob_touzoku_h2.png, ev_mob_touzoku_h3.png, ev_mob_touzoku_h4.png, ev_mob_touzoku_h5.png",5,,,,
mob_uranai1_h,"ev_mob_uranai1_h1.png, ev_mob_uranai1_h2.png, ev_mob_uranai1_h3.png",3,,,,
mob_wahu1_h,"ev_mob_wahu1_h1.png, ev_mob_wahu1_h2.png",2,,,,
mob_wahu2_h,"ev_mob_wahu2_h1.png, ev_mob_wahu2_h2.png",2,,,,
mob_youzyo_h,"ev_mob_youzyo_h1.png, ev_mob_youzyo_h2.png",2,,,,
monk_demon_h,"ev_monk_demon_h1.png, ev_monk_demon_h2.png, ev_monk_demon_h3.png, ev_monk_demon_h4.png, ev_monk_demon_h5.png, ev_monk_demon_h6.png, ev_monk_demon_h7.png, ev_monk_demon_h8.png",8,,,,
monk_sucubuss_h,"ev_monk_sucubuss_h01.png, ev_monk_sucubuss_h02.png, ev_monk_sucubuss_h03.png, ev_monk_sucubuss_h04.png, ev_monk_sucubuss_h05.png, ev_monk_sucubuss_h06.png, ev_monk_sucubuss_h07.png, ev_monk_sucubuss_h08.png, ev_monk_sucubuss_h09.png, ev_monk_sucubuss_h10.png, ev_monk_sucubuss_h11.png, ev_monk_sucubuss_h12.png",12,,,,
mononohuyonbi_ha,"ev_mononohuyonbi_ha1.png, ev_mononohuyonbi_ha2.png, ev_mononohuyonbi_ha3.png, ev_mononohuyonbi_ha4.png, ev_mononohuyonbi_ha5.png, ev_mononohuyonbi_ha6.png, ev_mononohuyonbi_ha7.png, ev_mononohuyonbi_ha8.png",8,,,,
mononohuyonbi_hb,"ev_mononohuyonbi_hb1.png, ev_mononohuyonbi_hb2.png, ev_mononohuyonbi_hb3.png, ev_mononohuyonbi_hb4.png, ev_mononohuyonbi_hb5.png, ev_mononohuyonbi_hb6.png, ev_mononohuyonbi_hb7.png, ev_mononohuyonbi_hb8.png",8,,,,
monstruo_ha,"ev_monstruo_ha1.png, ev_monstruo_ha2.png, ev_monstruo_ha3.png, ev_monstruo_ct01.png, ev_monstruo_ct02.png, ev_monstruo_ct03.png",6,,,,
monstruo_hb,"ev_monstruo_hb1.png, ev_monstruo_hb2.png, ev_monstruo_hb3.png",3,,,,
morrigan_ha,"ev_morrigan_ha1.png, ev_morrigan_ha2.png, ev_morrigan_ha3.png, ev_morrigan_ha4.png, ev_morrigan_ha5.png, ev_morrigan_ha6.png, ev_morrigan_ha7.png",7,,,,
morrigan_hb,"ev_morrigan_hb1.png, ev_morrigan_hb2.png, ev_morrigan_hb3.png, ev_morrigan_hb4.png, ev_morrigan_hb5.png, ev_morrigan_hb6.png",6,,,,
morrigan_hc,"ev_morrigan_hc1.png, ev_morrigan_hc2.png, ev_morrigan_hc3.png, ev_morrigan_hc4.png, ev_morrigan_hc5.png, ev_morrigan_hc6.png",6,,,,
morrigan_hd,"ev_morrigan_hd1.png, ev_morrigan_hd2.png, ev_morrigan_hd3.png, ev_morrigan_hd4.png, ev_morrigan_hd5.png, ev_morrigan_hd6.png",6,,,,
morrigan_he,"ev_morrigan_he1.png, ev_morrigan_he2.png, ev_morrigan_he3.png, ev_morrigan_he4.png, ev_morrigan_he5.png, ev_morrigan_he6.png",6,,,,
morrigan_hf,"ev_morrigan_hf1.png, ev_morrigan_hf2.png, ev_morrigan_hf3.png, ev_morrigan_hf4.png, ev_morrigan_hf5.png, ev_morrigan_hf6.png, ev_morrigan_hf7.png",7,,,,
morrigan_hg,"ev_morrigan_hg1.png, ev_morrigan_hg2.png, ev_morrigan_hg3.png, ev_morrigan_hg4.png, ev_morrigan_hg5.png, ev_morrigan_hg6.png",6,,,,
moruboru_h,"ev_moruboru_h1.png, ev_moruboru_h2.png, ev_moruboru_h3.png, ev_moruboru_h4.png, ev_moruboru_h5.png, ev_moruboru_h6.png",6,,,,
mosquito_h,"ev_mosquito_h1.png, ev_mosquito_h2.png, ev_mosquito_h3.png, ev_mosquito_h4.png, ev_mosquito_ct01.png, ev_mosquito_ct02.png, ev_mosquito_ct03.png",7,,,,
moss_h,"ev_moss_h1.png, ev_moss_h2.png, ev_moss_h3.png, ev_moss_h4.png, ev_moss_ct01.png, ev_moss_ct02.png, ev_moss_ct03.png",7,,,,
mukade_ct,"ev_mukade_ct01.png, ev_mukade_ct02.png, ev_mukade_h1.png, ev_mukade_h2.png, ev_mukade_h3.png, ev_mukade_h4.png, ev_mukade_h5.png",7,3,,,3
mukade_h,"ev_mukade_h1.png, ev_mukade_h2.png, ev_mukade_h3.png, ev_mukade_h4.png, ev_mukade_h5.png, ev_mukade_ct03.png, ev_mukade_ct04.png, ev_mukade_ct05.png, ev_mukade_ct06.png",9,,,,
mukade_hb,"ev_mukade_hb1.png, ev_mukade_hb2.png, ev_mukade_hb3.png, ev_mukade_hb4.png",4,,,,
mukuro_h,"ev_mukuro_h01.png, ev_mukuro_h02.png, ev_mukuro_h03.png, ev_mukuro_h04.png, ev_mukuro_h05.png, ev_mukuro_h06.png, ev_mukuro_h07.png, ev_mukuro_h08.png, ev_mukuro_h09.png, ev_mukuro_h10.png, ev_mukuro_h11.png, ev_mukuro_h12.png",12,,,,
mukuro_hb,"ev_mukuro_hb1.png, ev_mukuro_hb2.png",2,,,,
mummy_h,"ev_mummy_h1.png, ev_mummy_h2.png, ev_mummy_h3.png, ev_mummy_h4.png",4,,,,
mummy_st,"ev_mummy_st11.png, ev_mummy_st12.png",2,,,,
muzet_h,"ev_muzet_h1.png, ev_muzet_h2.png, ev_muzet_h3.png, ev_muzet_h4.png",4,,,,
muzukiel_ha,"ev_muzukiel_ha1.png, ev_muzukiel_ha2.png, ev_muzukiel_ha3.png, ev_muzukiel_ha4.png",4,,,,
muzukiel_hb,"ev_muzukiel_hb1.png, ev_muzukiel_hb2.png, ev_muzukiel_hb3.png, ev_muzukiel_hb4.png",4,,,,
muzukiel_st,"ev_muzukiel_st11.png, ev_muzukiel_st21.png, ev_muzukiel_st22.png",3,,,,
myouhouzyorougumo_h,"ev_myouhouzyorougumo_h1.png, ev_myouhouzyorougumo_h2.png, ev_myouhouzyorougumo_h3.png, ev_myouhouzyorougumo_h4.png, ev_myouhouzyorougumo_h5.png",5,2,,,2
myuska_ha,"ev_myuska_ha01.png, ev_myuska_ha02.png, ev_myuska_ha03.png, ev_myuska_ha04.png, ev_myuska_ha05.png, ev_myuska_ha06.png, ev_myuska_ha07.png, ev_myuska_ha08.png, ev_myuska_ha09.png, ev_myuska_ha10.png, ev_myuska_ha11.png, ev_myuska_ha12.png, ev_myuska_ha13.png, ev_myuska_ha14.png, ev_myuska_ha15.png",15,,,,
myuska_hb,"ev_myuska_hb01.png, ev_myuska_hb02.png, ev_myuska_hb03.png, ev_myuska_hb04.png, ev_myuska_hb05.png, ev_myuska_hb06.png, ev_myuska_hb07.png, ev_myuska_hb08.png, ev_myuska_hb09.png, ev_myuska_hb10.png, ev_myuska_hb11.png",11,,,,
nagael_h,"ev_nagael_h1.png, ev_nagael_h2.png, ev_nagael_h3.png, ev_nagael_h4.png, ev_nagael_ct01.png, ev_nagael_ct02.png, ev_nagael_ct03.png",7,,,,
namako_h,"ev_namako_h1.png, ev_namako_h2.png, ev_namako_h3.png, ev_namako_ct01.png, ev_namako_ct02.png, ev_namako_ct03.png, ev_namako_ct04.png",7,,,,
namako_ha,"ev_namako_ha1.png, ev_namako_ha2.png, ev_namako_ha3.png, ev_namako_ha4.png, ev_namako_ha5.png",5,,,,
namazu_h,"ev_namazu_h1.png, ev_namazu_h2.png, ev_namazu_h3.png, ev_namazu_h4.png, ev_namazu_h5.png, ev_namazu_h6.png, ev_namazu_h7.png, ev_namazu_h8.png",8,,,,
name_ct,"ev_name_ct01.png, ev_name_ct02.png",2,,,,
name_h,"ev_name_h01.png, ev_name_h02.png, ev_name_h03.png, ev_name_h04.png",4,,,,
name_hb,"ev_name_hb01.png, ev_name_hb02.png, ev_name_hb03.png, ev_name_hb04.png, ev_name_hb05.png, ev_name_hb06.png, ev_name_hb07.png, ev_name_hb08.png, ev_name_hb09.png, ev_name_hb10.png, ev_name_hb11.png, ev_name_hb12.png, ev_name_hb13.png",13,,,,
name_s_ha,"ev_name_s_ha1.png, ev_name_s_ha2.png",2,,,,
name_s_hb,"ev_name_s_hb1.png, ev_name_s_hb2.png, ev_name_s_hb3.png, ev_name_s_hb4.png, ev_name_s_hb5.png, ev_name_s_hb6.png, ev_name_s_hb7.png",7,,,,
name_s_hc,"ev_name_s_hc1.png, ev_name_s_hc2.png, ev_name_s_hc3.png",3,,,,
name2_ha,"ev_name2_ha01.png, ev_name2_ha02.png, ev_name2_ha03.png, ev_name2_ha04.png, ev_name2_ha05.png, ev_name2_ha06.png, ev_name2_ha07.png, ev_name2_ha08.png, ev_name2_ha09.png, ev_name2_ha10.png",10,,,,
name2_hb,"ev_name2_hb01.png, ev_name2_hb02.png, ev_name2_hb03.png, ev_name2_hb04.png, ev_name2_hb05.png, ev_name2_hb06.png, ev_name2_hb07.png, ev_name2_hb08.png, ev_name2_hb09.png",9,,,,
name2_hc,"ev_name2_hc1.png, ev_name2_hc2.png",2,,,,
nanabi_ctb,"ev_nanabi_ctb01.png, ev_nanabi_ctb02.png, ev_nanabi_ctb03.png, ev_nanabi_ctb04.png",4,,,,
nanabi_ctc,"ev_nanabi_ctc01.png, ev_nanabi_ctc02.png, ev_nanabi_ctc03.png, ev_nanabi_ctc04.png, ev_nanabi_h5.png, ev_nanabi_h6.png, ev_nanabi_h7.png, ev_nanabi_h8.png, ev_nanabi_h9.png",9,,,,
nanabi_h,"ev_nanabi_h1.png, ev_nanabi_h2.png, ev_nanabi_h3.png, ev_nanabi_h4.png",4,,,,
nanabi_hb,"ev_nanabi_hb1.png",1,,,,
nanccubus_h,"ev_nanccubus_h1.png",1,,,,
narcubus_ha,"ev_narcubus_ha1.png, ev_narcubus_ha2.png, ev_narcubus_ha3.png",3,,,,
narcubus_hb,"ev_narcubus_hb1.png, ev_narcubus_hb2.png, ev_narcubus_hb3.png, ev_narcubus_hb4.png",4,,,,
narcubus_hc,"ev_narcubus_hc1.png, ev_narcubus_hc2.png, ev_narcubus_hc3.png, ev_narcubus_hc4.png, ev_narcubus_hc5.png, ev_narcubus_hc6.png",6,,,,
narcubus_hd,"ev_narcubus_hd1.png, ev_narcubus_hd2.png",2,,,,
nekogami_ha,"ev_nekogami_ha1.png, ev_nekogami_ha2.png, ev_nekogami_ha3.png",3,,,,
nekogami_hb,"ev_nekogami_hb1.png, ev_nekogami_hb2.png, ev_nekogami_hb3.png, ev_nekogami_hb4.png, ev_nekogami_hb5.png",5,,,,
nekogami_hc,"ev_nekogami_hc1.png, ev_nekogami_hc2.png, ev_nekogami_hc3.png, ev_nekogami_hc4.png",4,,,,
nekomata_h,"ev_nekomata_h1.png, ev_nekomata_h2.png, ev_nekomata_h3.png, ev_nekomata_h4.png, ev_nekomata_h5.png",5,,,,
nemea_h,"ev_nemea_h01.png, ev_nemea_h02.png, ev_nemea_h03.png, ev_nemea_h04.png, ev_nemea_h05.png, ev_nemea_h06.png, ev_nemea_h07.png, ev_nemea_h08.png, ev_nemea_h09.png, ev_nemea_h10.png, ev_nemea_h11.png, ev_nemea_h12.png, ev_nemea_h13.png",13,,,,
nependeath_ha,"ev_nependeath_ha1.png, ev_nependeath_ha2.png, ev_nependeath_ha3.png, ev_nependeath_ha4.png, ev_nependeath_ha5.png",5,,,,
nependeath_hb,"ev_nependeath_hb1.png, ev_nependeath_hb2.png, ev_nependeath_hb3.png, ev_nependeath_hb4.png, ev_nependeath_hb5.png, ev_nependeath_hb6.png",6,,,,
nephilim_h,"ev_nephilim_h1.png, ev_nephilim_h2.png, ev_nephilim_h3.png, ev_nephilim_h4.png, ev_nephilim_h5.png, ev_nephilim_h6.png",6,,,,
neptune_h,"ev_neptune_h1.png, ev_neptune_h2.png, ev_neptune_h3.png, ev_neptune_h4.png, ev_neptune_h5.png",5,,,,
neris_ha,"ev_neris_ha1.png, ev_neris_ha2.png, ev_neris_ha3.png, ev_neris_ha4.png, ev_neris_ha5.png, ev_neris_ha6.png, ev_neris_ha7.png",7,,,,
neris_hab,"ev_neris_hab1.png, ev_neris_hab2.png, ev_neris_hab3.png, ev_neris_hab4.png",4,,,,
neris_hb,"ev_neris_hb01.png, ev_neris_hb02.png, ev_neris_hb03.png, ev_neris_hb04.png, ev_neris_hb05.png, ev_neris_hb06.png, ev_neris_hb07.png, ev_neris_hb08.png, ev_neris_hb09.png, ev_neris_hb10.png",10,,,,
neris_hc,"ev_neris_hc01.png, ev_neris_hc02.png, ev_neris_hc03.png, ev_neris_hc04.png, ev_neris_hc05.png, ev_neris_hc06.png, ev_neris_hc07.png, ev_neris_hc08.png, ev_neris_hc09.png, ev_neris_hc10.png",10,,,,
nezumi_ha,"ev_nezumi_ha1.png, ev_nezumi_ha2.png, ev_nezumi_ha3.png",3,,,,
nezumi_hb,"ev_nezumi_hb1.png, ev_nezumi_hb2.png, ev_nezumi_hb3.png, ev_nezumi_hb4.png",4,,,,
nezumi_hc,"ev_nezumi_hc1.png, ev_nezumi_hc2.png, ev_nezumi_hc3.png, ev_nezumi_hc4.png, ev_nezumi_hc5.png, ev_nezumi_hc6.png",6,,,,
nihuta_telos_h,"ev_nihuta_telos_h1.png, ev_nihuta_telos_h2.png, ev_nihuta_telos_h3.png, ev_nihuta_telos_h4.png, ev_nihuta_telos_h5.png, ev_nihuta_telos_h6.png, ev_nihuta_telos_ct01.png, ev_nihuta_telos_ct02.png, ev_nihuta_telos_ct03.png",9,,,,
ningyohime_h,"ev_ningyohime_h1.png, ev_ningyohime_h2.png, ev_ningyohime_h3.png, ev_ningyohime_h4.png, ev_ningyohime_h5.png",5,,,,
niprell_h,"ev_niprell_h01.png, ev_niprell_h02.png, ev_niprell_h03.png, ev_niprell_h04.png, ev_niprell_h05.png, ev_niprell_h06.png, ev_niprell_h07.png, ev_niprell_h08.png, ev_niprell_h09.png, ev_niprell_h10.png",10,,,,
nobisutam_ct,"ev_nobisutam_ct01.png, ev_nobisutam_ct02.png, ev_nobisutam_ct03.png, ev_nobisutam_ct04.png, ev_nobisutam_ct05.png, ev_nobisutam_ct06.png",6,2,,,2
nobisutam_ct2,"ev_nobisutam_ct11.png",1,,,,
nobisutam_ha,"ev_nobisutam_ha1.png, ev_nobisutam_ha2.png, ev_nobisutam_ha3.png, ev_nobisutam_ha4.png, ev_nobisutam_ha5.png",5,,,,
nobisutam_hb,"ev_nobisutam_hb1.png, ev_nobisutam_hb2.png, ev_nobisutam_hb3.png, ev_nobisutam_hb4.png",4,,,,
null_kenzoku_h,"ev_null_kenzoku_h1.png, ev_null_kenzoku_h2.png, ev_null_kenzoku_h3.png, ev_null_kenzoku_h4.png, ev_null_kenzoku_h5.png, ev_null_kenzoku_h6.png, ev_null_kenzoku_h7.png, ev_null_kenzoku_h8.png, ev_null_kenzoku_h9.png",9,2,,,2
nureonnna_h,"ev_nureonnna_h1.png, ev_nureonnna_h2.png, ev_nureonnna_h3.png, ev_nureonnna_h4.png, ev_nureonnna_h5.png, ev_nureonnna_h6.png, ev_nureonnna_h7.png",7,,,,
nuruko_ha,"ev_nuruko_ha1.png, ev_nuruko_ha2.png, ev_nuruko_ha3.png, ev_nuruko_ha4.png, ev_nuruko_ha5.png",5,,,,
nuruko_hb,"ev_nuruko_hb1.png, ev_nuruko_hb2.png, ev_nuruko_hb3.png, ev_nuruko_hb4.png",4,,,,
nurukox_ha,"ev_nurukox_ha1.png, ev_nurukox_ha2.png, ev_nurukox_ha3.png, ev_nurukox_ha4.png",4,,,,
nurukox_hb,"ev_nurukox_hb1.png, ev_nurukox_hb2.png, ev_nurukox_hb3.png, ev_nurukox_hb4.png, ev_nurukox_hb5.png, ev_nurukox_hb6.png, ev_nurukox_hb7.png, ev_nurukox_hb8.png, ev_nurukox_hb9.png",9,,,,
nurukox_hc,"ev_nurukox_hc1.png, ev_nurukox_hc2.png, ev_nurukox_hc3.png, ev_nurukox_hc4.png, ev_nurukox_hc5.png, ev_nurukox_hc6.png, ev_nurukox_hc7.png",7,,,,
nyumaou_h,"ev_nyumaou_h1.png, ev_nyumaou_h2.png, ev_nyumaou_h3.png, ev_nyumaou_h4.png, ev_nyumaou_h5.png, ev_nyumaou_h6.png, ev_nyumaou_h7.png, ev_nyumaou_h8.png, ev_nyumaou_h9.png",9,,,,
nyumaou_hb,"ev_nyumaou_hb1.png, ev_nyumaou_hb2.png",2,,,,
nyumaou_hc,"ev_nyumaou_hc1.png, ev_nyumaou_hc2.png, ev_nyumaou_hc3.png, ev_nyumaou_hc4.png, ev_nyumaou_hc5.png, ev_nyumaou_hc6.png, ev_nyumaou_hc7.png, ev_nyumaou_hc8.png",8,,,,
ogretooth_h,"ev_ogretooth_h1.png, ev_ogretooth_h2.png, ev_ogretooth_h3.png, ev_ogretooth_h4.png, ev_ogretooth_h5.png, ev_ogretooth_h6.png, ev_ogretooth_h7.png, ev_ogretooth_h8.png",8,,,,
ogretooth_hb,"ev_ogretooth_hb1.png, ev_ogretooth_hb2.png, ev_ogretooth_hb3.png, ev_ogretooth_hb4.png, ev_ogretooth_hb5.png, ev_ogretooth_hb6.png, ev_ogretooth_hb7.png, ev_ogretooth_hb8.png",8,,,,
oiranrokubi_ha,"ev_oiranrokubi_ha1.png, ev_oiranrokubi_ha2.png, ev_oiranrokubi_ha3.png, ev_oiranrokubi_ha4.png, ev_oiranrokubi_ha5.png, ev_oiranrokubi_ha6.png, ev_oiranrokubi_ha7.png, ev_oiranrokubi_ha8.png, ev_oiranrokubi_ha9.png",9,,,,
okami_h,"ev_okami_h1.png, ev_okami_h2.png, ev_okami_h3.png, ev_okami_h4.png, ev_okami_h5.png, ev_okami_h6.png",6,,,,
okikumusi_ha,"ev_okikumusi_ha1.png, ev_okikumusi_ha2.png, ev_okikumusi_ha3.png, ev_okikumusi_ha4.png, ev_okikumusi_ha5.png",5,,,,
okikumusi_hb,"ev_okikumusi_hb1.png, ev_okikumusi_hb2.png, ev_okikumusi_hb3.png, ev_okikumusi_hb4.png, ev_okikumusi_hb5.png, ev_okikumusi_hb6.png, ev_okikumusi_ct01.png, ev_okikumusi_ct02.png",8,,,,
onaho_ha,"ev_onaho_ha1.png, ev_onaho_ha2.png, ev_onaho_ha3.png, ev_onaho_ha4.png",4,,,,
onmyosasori_h2,"ev_onmyosasori_h05.png, ev_onmyosasori_h06.png",2,,,,
onmyosasori_h3,"ev_onmyosasori_h07.png, ev_onmyosasori_h08.png, ev_onmyosasori_h09.png, ev_onmyosasori_h10.png",4,,,,
onmyosasori_h,"ev_onmyosasori_h01.png, ev_onmyosasori_h02.png, ev_onmyosasori_h03.png, ev_onmyosasori_h04.png, ev_onmyosasori_h11.png, ev_onmyosasori_h12.png",6,,,,
onmyougobi_h,"ev_onmyougobi_h1.png, ev_onmyougobi_h10.png, ev_onmyougobi_h11.png, ev_onmyougobi_h2.png, ev_onmyougobi_h3.png, ev_onmyougobi_h4.png, ev_onmyougobi_h5.png, ev_onmyougobi_h6.png, ev_onmyougobi_h7.png, ev_onmyougobi_h8.png, ev_onmyougobi_h9.png",11,,,,
onmyougobi_hbb,"ev_onmyougobi_hb01b.png, ev_onmyougobi_hb02b.png, ev_onmyougobi_hb03b.png, ev_onmyougobi_hb04b.png, ev_onmyougobi_hb05b.png, ev_onmyougobi_hb06b.png, ev_onmyougobi_hb07b.png, ev_onmyougobi_hb08b.png, ev_onmyougobi_hb09b.png, ev_onmyougobi_hb10b.png, ev_onmyougobi_hb11b.png, ev_onmyougobi_hb12b.png",12,6,,,6
onmyougobi_hcb,"ev_onmyougobi_hc01b.png, ev_onmyougobi_hc02b.png, ev_onmyougobi_hc03b.png, ev_onmyougobi_hc04b.png, ev_onmyougobi_hc05b.png, ev_onmyougobi_hc06b.png, ev_onmyougobi_hc07b.png, ev_onmyougobi_hc08b.png, ev_onmyougobi_hc09b.png, ev_onmyougobi_hc10b.png, ev_onmyougobi_hc11b.png",11,,,,
onmyougobi_hdb,"ev_onmyougobi_hd1b.png, ev_onmyougobi_hd2b.png, ev_onmyougobi_hd3b.png, ev_onmyougobi_hd4b.png",4,,,,
oogumo_ct,"ev_oogumo_ct01.png, ev_oogumo_ct02.png, ev_oogumo_ct03.png",3,,,,
oogumo_h,"ev_oogumo_h01.png, ev_oogumo_h02.png, ev_oogumo_h03.png, ev_oogumo_h04.png, ev_oogumo_h05.png, ev_oogumo_h06.png, ev_oogumo_h07.png, ev_oogumo_h08.png, ev_oogumo_h09.png, ev_oogumo_h10.png, ev_oogumo_h11.png",11,,,,
orc_ct,"ev_orc_ct01.png, ev_orc_ct02.png, ev_orc_ct03.png",3,0,,,
orc_h,"ev_orc_h1.png, ev_orc_h2.png, ev_orc_h3.png, ev_orc_h4.png, ev_orc_h5.png, ev_orc_h6.png, ev_orc_h7.png, ev_orc_h8.png",8,,,,
outerjelly_ha,"ev_outerjelly_ha1.png, ev_outerjelly_ha2.png, ev_outerjelly_ha3.png, ev_outerjelly_ha4.png, ev_outerjelly_ha5.png, ev_outerjelly_ha6.png, ev_outerjelly_ha7.png",7,,,,
outerjelly_hc,"ev_outerjelly_hc1.png, ev_outerjelly_hc2.png, ev_outerjelly_hc3.png, ev_outerjelly_hc4.png, ev_outerjelly_hc5.png, ev_outerjelly_hc6.png, ev_outerjelly_hc7.png, ev_outerjelly_hc8.png, ev_outerjelly_ct01.png, ev_outerjelly_ct02.png, ev_outerjelly_ct03.png, ev_outerjelly_ct04.png",12,,,,
outerworm_h,"ev_outerworm_h1.png, ev_outerworm_h2.png, ev_outerworm_h3.png, ev_outerworm_ct01.png, ev_outerworm_ct02.png, ev_outerworm_ct03.png, ev_outerworm_ct04.png, ev_outerworm_ct11.png, ev_outerworm_ct12.png, ev_outerworm_ct13.png, ev_outerworm_ct14.png",11,,,,
ozum_ha,"ev_ozum_ha1.png, ev_ozum_ha2.png, ev_ozum_ha3.png, ev_ozum_ha4.png, ev_ozum_ha5.png",5,,,,
ozum_hb,"ev_ozum_hb1.png, ev_ozum_hb2.png, ev_ozum_hb3.png, ev_ozum_hb4.png, ev_ozum_hb5.png, ev_ozum_ct01.png, ev_ozum_ct02.png, ev_ozum_ct03.png, ev_ozum_ct04.png",9,,,,
pabilsag_h,"ev_pabilsag_h1.png, ev_pabilsag_h2.png, ev_pabilsag_h3.png, ev_pabilsag_h4.png, ev_pabilsag_h5.png",5,,,,
page17_h,"ev_page17_h1.png, ev_page17_h2.png, ev_page17_h3.png, ev_page17_h4.png, ev_page17_ct01.png, ev_page17_ct02.png, ev_page17_ct03.png",7,,,,
page257_h,"ev_page257_h1.png, ev_page257_ct01.png, ev_page257_ct02.png, ev_page257_ct03.png, ev_page257_ct04.png",5,,,,
page257_hb,"ev_page257_hb1.png, ev_page257_hb2.png, ev_page257_hb3.png, ev_page257_hb4.png",4,,,,
page65537_ct,"ev_page65537_ct01.png, ev_page65537_ct02.png, ev_page65537_ct03.png, ev_page65537_h1a.png, ev_page65537_h2a.png, ev_page65537_h3a.png, ev_page65537_h1b.png, ev_page65537_h2b.png, ev_page65537_h3b.png, ev_page65537_h1c.png, ev_page65537_h2c.png, ev_page65537_h3c.png",12,,,,
page65537_hb,"ev_page65537_hb1.png, ev_page65537_hb2.png, ev_page65537_hb3.png, ev_page65537_hb4.png",4,,,,
page65537_hc,"ev_page65537_hc1.png, ev_page65537_hc2.png, ev_page65537_hc3.png, ev_page65537_hc4.png",4,,,,
page65537_hd,"ev_page65537_hd1.png",1,,,,
paizuridoll_h,"ev_paizuridoll_h1.png, ev_paizuridoll_h2.png, ev_paizuridoll_h3.png, ev_paizuridoll_h4.png",4,2,,,2
paizuridoll_hb,"ev_paizuridoll_hb1.png, ev_paizuridoll_hb2.png, ev_paizuridoll_hb3.png, ev_paizuridoll_hb4.png",4,,,,
paizuridoll2_h,"ev_paizuridoll2_h1.png, ev_paizuridoll2_h2.png, ev_paizuridoll2_h3.png, ev_paizuridoll2_h4.png, ev_paizuridoll2_h5.png",5,,,,
paizuridoll3_h,"ev_paizuridoll3_h1.png, ev_paizuridoll3_h2.png, ev_paizuridoll3_h3.png, ev_paizuridoll3_h4.png, ev_paizuridoll3_h5.png",5,,,,
pandora_h,"ev_pandora_h1.png, ev_pandora_h2.png, ev_pandora_h3.png, ev_pandora_h4.png, ev_pandora_h5.png",5,,,,
pazuzu_hb,"ev_pazuzu_hb01.png, ev_pazuzu_hb02.png, ev_pazuzu_hb03.png, ev_pazuzu_hb04.png, ev_pazuzu_hb05.png, ev_pazuzu_hb06.png, ev_pazuzu_hb07.png, ev_pazuzu_hb08.png, ev_pazuzu_hb09.png, ev_pazuzu_hb10.png, ev_pazuzu_hb11.png, ev_pazuzu_hb12.png, ev_pazuzu_hb13.png",13,,,,
pazuzu_hc,"ev_pazuzu_hc01.png, ev_pazuzu_hc02.png, ev_pazuzu_hc03.png, ev_pazuzu_hc04.png, ev_pazuzu_hc05.png, ev_pazuzu_hc06.png, ev_pazuzu_hc07.png, ev_pazuzu_hc08.png, ev_pazuzu_hc09.png, ev_pazuzu_hc10.png, ev_pazuzu_hc11.png",11,,,,
persephone_h,"ev_persephone_h01.png, ev_persephone_h02.png, ev_persephone_h03.png, ev_persephone_h04.png, ev_persephone_h05.png, ev_persephone_h06.png, ev_persephone_h07.png, ev_persephone_h08.png, ev_persephone_h09.png, ev_persephone_h10.png",10,,,,
phoenix_ha,"ev_phoenix_ha1.png, ev_phoenix_ha2.png, ev_phoenix_ha3.png, ev_phoenix_ha4.png, ev_phoenix_ha5.png, ev_phoenix_ha6.png, ev_phoenix_ha7.png",7,,,,
phoenix_hb,"ev_phoenix_hb01.png, ev_phoenix_hb02.png, ev_phoenix_hb03.png, ev_phoenix_hb04.png, ev_phoenix_hb05.png, ev_phoenix_hb06.png, ev_phoenix_hb07.png, ev_phoenix_hb08.png, ev_phoenix_hb09.png, ev_phoenix_hb10.png",10,,,,
phoenixb_hc,"ev_phoenixb_hc1.png, ev_phoenixb_hc2.png, ev_phoenixb_hc3.png, ev_phoenixb_hc4.png, ev_phoenixb_hc5.png, ev_phoenixb_hc6.png, ev_phoenixb_hc7.png, ev_phoenixb_hc8.png, ev_phoenixb_hc9.png",9,,,,
phoenixc_hc,"ev_phoenixc_hc1.png, ev_phoenixc_hc2.png, ev_phoenixc_hc3.png, ev_phoenixc_hc4.png, ev_phoenixc_hc5.png, ev_phoenixc_hc6.png, ev_phoenixc_hc7.png, ev_phoenixc_hc8.png, ev_phoenixc_hc9.png",9,,,,
poseidones_ha,"ev_poseidones_ha1.png, ev_poseidones_ha2.png, ev_poseidones_ct01.png, ev_poseidones_ct02.png, ev_poseidones_ct03.png, ev_poseidones_ct04.png",6,,,,
poseidones_hb,"ev_poseidones_hb1.png, ev_poseidones_hb2.png, ev_poseidones_hb3.png, ev_poseidones_hb4.png",4,,,,
pramia_h,"ev_pramia_h1.png, ev_pramia_h2.png, ev_pramia_h3.png, ev_pramia_h4.png, ev_pramia_h5.png, ev_pramia_ct01.png, ev_pramia_ct02.png, ev_pramia_ct03.png, ev_pramia_ct04.png, ev_pramia_ct05.png",10,,,,
pramia_hb,"ev_pramia_hb01.png, ev_pramia_hb02.png, ev_pramia_hb03.png, ev_pramia_hb04.png, ev_pramia_hb05.png, ev_pramia_hb06.png, ev_pramia_hb07.png, ev_pramia_hb08.png, ev_pramia_hb09.png, ev_pramia_hb10.png",10,,,,
pramia_hc,"ev_pramia_hc01.png, ev_pramia_hc02.png, ev_pramia_hc03.png, ev_pramia_hc04.png, ev_pramia_hc05.png, ev_pramia_hc06.png, ev_pramia_hc07.png, ev_pramia_hc08.png, ev_pramia_hc09.png, ev_pramia_hc10.png, ev_pramia_hc11.png, ev_pramia_hc12.png",12,,,,
puruel_h,"ev_puruel_h1.png, ev_puruel_h2.png, ev_puruel_h3.png",3,,,,
q_5_ct,"ev_q_5_ct01.png, ev_q_5_ct02.png, ev_q_5_ct03.png, ev_q_5_h1.png, ev_q_5_h2.png, ev_q_5_h3.png, ev_q_5_h4.png",7,,,,
q_5_h,"ev_q_5_h1.png, ev_q_5_h2.png, ev_q_5_h3.png, ev_q_5_h4.png, ev_q_5_ct11.png, ev_q_5_ct12.png, ev_q_5_ct13.png",7,,,,
QQ_h,"ev_QQ_h1.png, ev_QQ_h2.png, ev_QQ_h3.png, ev_QQ_h4.png, ev_QQ_h5.png, ev_QQ_h6.png, ev_QQ_h7.png",7,,,,
queenalraune_h,"ev_queenalraune_h1.png, ev_queenalraune_h2.png, ev_queenalraune_h3.png, ev_queenalraune_h4.png, ev_queenalraune_h5.png, ev_queenalraune_h6.png, ev_queenalraune_h7.png, ev_queenalraune_h8.png",8,,,,
queenant_ct,"ev_queenant_ct01.png, ev_queenant_ct02.png, ev_queenant_ct03.png, ev_queenant_ct04.png",4,,,,
queenbee_ct,"ev_queenbee_ct01.png, ev_queenbee_ct02.png, ev_queenbee_ct03.png, ev_queenbee_ct04.png",4,,,,
queenelf_ct,"ev_queenelf_ct01.png, ev_queenelf_ct02.png, ev_queenelf_ct03.png, ev_queenelf_ct04.png",4,,,,
queenfairy_ct,"ev_queenfairy_ct01.png, ev_queenfairy_ct02.png, ev_queenfairy_ct11.png, ev_queenfairy_ct12.png, ev_queenfairy_ct21.png, ev_queenfairy_ct22.png, ev_queenfairy_ct31.png, ev_queenfairy_ct32.png",8,,,,
queenhapy_ct,"ev_queenhapy_ct11.png, ev_queenhapy_ct12.png, ev_queenhapy_ct13.png",3,,,,
queenhapy_h,"ev_queenhapy_h1.png, ev_queenhapy_h2.png, ev_queenhapy_h3.png, ev_queenhapy_h4.png, ev_queenhapy_ct01.png, ev_queenhapy_ct02.png, ev_queenhapy_ct03.png, ev_queenhapy_ct04.png",8,0,,,
queenhapy_hb,"ev_queenhapy_hb1.png, ev_queenhapy_hb2.png, ev_queenhapy_hb3.png, ev_queenhapy_hb4.png, ev_queenhapy_hb5.png",5,,,,
queenmermaid_ha,"ev_queenmermaid_ha1.png, ev_queenmermaid_ha2.png, ev_queenmermaid_ha3.png, ev_queenmermaid_ct01.png, ev_queenmermaid_ct02.png, ev_queenmermaid_ct03.png",6,,,,
queenmermaid_hb,"ev_queenmermaid_hb1.png, ev_queenmermaid_hb2.png, ev_queenmermaid_hb3.png, ev_queenmermaid_hb4.png, ev_queenmermaid_ct11.png, ev_queenmermaid_ct12.png, ev_queenmermaid_ct13.png, ev_queenmermaid_ct14.png",8,,,,
queenmermaid_hc,"ev_queenmermaid_hc1.png",1,,,,
queenmoss_ha,"ev_queenmoss_ha1.png, ev_queenmoss_ha2.png, ev_queenmoss_ha3.png, ev_queenmoss_ha4.png, ev_queenmoss_ha5.png, ev_queenmoss_ha6.png, ev_queenmoss_ha7.png, ev_queenmoss_ha8.png",8,,,,
queenmoss_hc,"ev_queenmoss_hc1.png, ev_queenmoss_hc2.png, ev_queenmoss_hc3.png, ev_queenmoss_hc4.png, ev_queenmoss_hc5.png, ev_queenmoss_hc6.png, ev_queenmoss_hc7.png, ev_queenmoss_hc8.png",8,,,,
queenmoss_hd,"ev_queenmoss_hd1.png, ev_queenmoss_hd2.png, ev_queenmoss_hd3.png, ev_queenmoss_hd4.png, ev_queenmoss_hd5.png, ev_queenmoss_hd6.png, ev_queenmoss_hd7.png",7,,,,
queenroach_h,"ev_queenroach_h01.png, ev_queenroach_h02.png, ev_queenroach_h03.png, ev_queenroach_h04.png, ev_queenroach_h05.png, ev_queenroach_h06.png, ev_queenroach_h07.png, ev_queenroach_h08.png, ev_queenroach_h09.png, ev_queenroach_h10.png, ev_queenroach_h11.png, ev_queenroach_h12.png, ev_queenroach_h13.png, ev_queenroach_h14.png, ev_queenroach_h15.png, ev_queenroach_h16.png, ev_queenroach_h17.png, ev_queenroach_h18.png, ev_queenroach_h19.png, ev_queenroach_h20.png, ev_queenroach_h21.png, ev_queenroach_h22.png, ev_queenroach_h23.png, ev_queenroach_h24.png, ev_queenroach_h25.png, ev_queenroach_h26.png, ev_queenroach_h27.png, ev_queenroach_h28.png, ev_queenroach_h29.png, ev_queenroach_h30.png, ev_queenroach_h31.png, ev_queenroach_h32.png, ev_queenroach_h33.png",33,,,,
queenvanpire_ha,"ev_queenvanpire_ha1.png, ev_queenvanpire_ha2.png, ev_queenvanpire_ha3.png, ev_queenvanpire_ha4.png, ev_queenvanpire_ha5.png",5,,,,
queenvanpire_hb,"ev_queenvanpire_hb1.png, ev_queenvanpire_hb2.png, ev_queenvanpire_hb3.png, ev_queenvanpire_hb4.png, ev_queenvanpire_hb5.png, ev_queenvanpire_hb6.png, ev_queenvanpire_hb7.png",7,,,,
queenvanpire_hc,"ev_queenvanpire_hc1.png, ev_queenvanpire_hc2.png, ev_queenvanpire_hc3.png, ev_queenvanpire_hc4.png, ev_queenvanpire_hc5.png, ev_queenvanpire_hc6.png, ev_queenvanpire_hc7.png, ev_queenvanpire_hc8.png",8,,,,
queenvanpire_hd,"ev_queenvanpire_hd1.png",1,,,,
queenvanpire_he,"ev_queenvanpire_he01.png, ev_queenvanpire_he02.png, ev_queenvanpire_he03.png, ev_queenvanpire_he04.png, ev_queenvanpire_he05.png, ev_queenvanpire_he06.png, ev_queenvanpire_he07.png, ev_queenvanpire_he08.png, ev_queenvanpire_he09.png, ev_queenvanpire_he10.png, ev_queenvanpire_he11.png, ev_queenvanpire_he12.png, ev_queenvanpire_he13.png, ev_queenvanpire_he14.png",14,,,,
radio_h,"ev_radio_h01.png, ev_radio_h02.png, ev_radio_h03.png, ev_radio_h04.png, ev_radio_h05.png, ev_radio_h06.png, ev_radio_h07.png, ev_radio_h08.png, ev_radio_h09.png, ev_radio_h10.png, ev_radio_h11.png, ev_radio_h12.png, ev_radio_h13.png, ev_radio_h14.png",14,,,,
rafael_h,"ev_rafael_h01.png, ev_rafael_h02.png, ev_rafael_h03.png, ev_rafael_h04.png, ev_rafael_h05.png, ev_rafael_h06.png, ev_rafael_h07.png, ev_rafael_h08.png, ev_rafael_h09.png, ev_rafael_h10.png, ev_rafael_h11.png, ev_rafael_h12.png, ev_rafael_h13.png, ev_rafael_h14.png, ev_rafael_h15.png, ev_rafael_h16.png, ev_rafael_h17.png, ev_rafael_h18.png, ev_rafael_h19.png",19,,,,
rafi_h,"ev_rafi_h1.png, ev_rafi_h2.png, ev_rafi_h3.png, ev_rafi_h4.png, ev_rafi_h5.png, ev_rafi_h6.png, ev_rafi_ct01.png, ev_rafi_ct02.png, ev_rafi_ct03.png, ev_rafi_ct04.png",10,,,,
rahure_ct,"ev_rahure_ct01.png, ev_rahure_ct02.png, ev_rahure_ct03.png, ev_rahure_ct04.png, ev_rahure_st11.png, ev_rahure_st12.png, ev_rahure_st13.png, ev_rahure_st14.png",8,,,,
rahure_st,"ev_rahure_st11.png, ev_rahure_st12.png, ev_rahure_st13.png, ev_rahure_st14.png, ev_rahure_ct11.png, ev_rahure_ct12.png, ev_rahure_ct13.png, ev_rahure_ct14.png",8,3,,,3
rajara_h,"ev_rajara_h1.png, ev_rajara_h2.png, ev_rajara_h3.png, ev_rajara_h4.png, ev_rajara_h5.png, ev_rajara_h6.png",6,,,,
ranael_ha,"ev_ranael_ha1.png, ev_ranael_ha2.png, ev_ranael_ha3.png, ev_ranael_ha4.png, ev_ranael_h0.png",5,,,,
ranael_hb,"ev_ranael_hb1.png, ev_ranael_hb2.png, ev_ranael_hb3.png, ev_ranael_hb4.png, ev_ranael_h0.png",5,,,,
ranael_hc,"ev_ranael_hc1.png, ev_ranael_hc2.png, ev_ranael_hc3.png, ev_ranael_hc4.png, ev_ranael_h0.png",5,,,,
ranael_hd,"ev_ranael_hd1.png, ev_ranael_hd2.png, ev_ranael_hd3.png, ev_ranael_hd4.png, ev_ranael_h0.png",5,,,,
ranael_he,"ev_ranael_he1.png, ev_ranael_he2.png, ev_ranael_he3.png, ev_ranael_he4.png, ev_ranael_he5.png, ev_ranael_h0.png",6,,,,
ranael_hf,"ev_ranael_hf1.png, ev_ranael_hf2.png, ev_ranael_hf3.png, ev_ranael_hf4.png, ev_ranael_ct01.png, ev_ranael_ct02.png, ev_ranael_ct03.png, ev_ranael_ct04.png",8,0,,,
ranccubus_h,"ev_ranccubus_h1.png, ev_ranccubus_h2.png, ev_ranccubus_h3.png, ev_ranccubus_h4.png, ev_ranccubus_h5.png",5,,,,
ranccubus_hb,"ev_ranccubus_hb1.png, ev_ranccubus_hb2.png, ev_ranccubus_hb3.png, ev_ranccubus_hb4.png, ev_ranccubus_hb5.png, ev_ranccubus_hb6.png",6,,,,
rapun_h,"ev_rapun_h1.png, ev_rapun_h2.png, ev_rapun_h3.png, ev_rapun_h4.png",4,,,,
ratael_h,"ev_ratael_h1.png, ev_ratael_h2.png, ev_ratael_h3.png, ev_ratael_h4.png, ev_ratael_h5.png",5,,,,
renccubus_ct,"ev_renccubus_ct01.png, ev_renccubus_ct02.png, ev_renccubus_ct03.png, ev_renccubus_ct11.png, ev_renccubus_ct12.png, ev_renccubus_ct13.png, ev_renccubus_ct21.png, ev_renccubus_ct22.png, ev_renccubus_ct23.png",9,,,,
renccubus_h,"ev_renccubus_h1.png, ev_renccubus_h2.png, ev_renccubus_h3.png, ev_renccubus_h4.png, ev_renccubus_h5.png, ev_renccubus_h6.png, ev_renccubus_h7.png",7,,,,
renccubus_hb,"ev_renccubus_hb1.png, ev_renccubus_hb2.png, ev_renccubus_hb3.png, ev_renccubus_hb4.png, ev_renccubus_hb5.png, ev_renccubus_hb6.png",6,,,,
replicant_h,"ev_replicant_h1.png, ev_replicant_h2.png, ev_replicant_h3.png, ev_replicant_h4.png, ev_replicant_h5.png, ev_replicant_h6.png",6,,,,
revel_h,"ev_revel_h1.png, ev_revel_h2.png, ev_revel_h3.png, ev_revel_ct11.png, ev_revel_ct12.png, ev_revel_ct13.png, ev_revel_ct14.png, ev_revel_ct15.png, ev_revel_ct16.png, ev_revel_ct17.png",10,,,,
revel_st,"ev_revel_st11.png, ev_revel_st12.png, ev_revel_st13.png, ev_revel_st14.png, ev_revel_ct01.png, ev_revel_ct02.png, ev_revel_ct03.png",7,,,,
rifaiel_ha,"ev_rifaiel_ha1.png, ev_rifaiel_ha2.png",2,,,,
rifaiel_hb,"ev_rifaiel_hb1.png, ev_rifaiel_hb2.png, ev_rifaiel_hb3.png, ev_rifaiel_hb4.png, ev_rifaiel_hb5.png, ev_rifaiel_hb6.png",6,,,,
rogueelf_h,"ev_rogueelf_h1.png, ev_rogueelf_h2.png, ev_rogueelf_h3.png, ev_rogueelf_h4.png, ev_rogueelf_h5.png, ev_rogueelf_h6.png, ev_rogueelf_h7.png",7,,,,
ropa_h,"ev_ropa_h1.png, ev_ropa_h2.png, ev_ropa_h3.png, ev_ropa_h4.png, ev_ropa_h5.png, ev_ropa_ct01.png, ev_ropa_ct02.png, ev_ropa_ct03.png, ev_ropa_ct04.png",9,,,,
ropa_hb,"ev_ropa_hb1.png, ev_ropa_hb2.png, ev_ropa_hb3.png, ev_ropa_hb4.png",4,,,,
roseniel_h,"ev_roseniel_h1.png, ev_roseniel_h2.png, ev_roseniel_h3.png, ev_roseniel_h4.png, ev_roseniel_h5.png, ev_roseniel_h6.png, ev_roseniel_h7.png",7,,,,
rucyfina_ha,"ev_rucyfina_ha1.png, ev_rucyfina_ha2.png, ev_rucyfina_ha3.png",3,,,,
rucyfina_hb,"ev_rucyfina_hb1.png, ev_rucyfina_hb2.png, ev_rucyfina_hb3.png",3,,,,
rusifinachan_h,"ev_rusifinachan_h1.png, ev_rusifinachan_h2.png, ev_rusifinachan_h3.png, ev_rusifinachan_h4.png, ev_rusifinachan_ct01.png, ev_rusifinachan_ct02.png, ev_rusifinachan_ct03.png, ev_rusifinachan_ct04.png",8,,,,
s_akaname_ha,"ev_s_akaname_ha1.png, ev_s_akaname_ha2.png, ev_s_akaname_ha3.png",3,,,,
s_akaname_hb,"ev_s_akaname_hb1.png, ev_s_akaname_hb2.png, ev_s_akaname_hb3.png, ev_s_akaname_hb4.png",4,,,,
s_gyokuza_h,"ev_s_gyokuza_h1.png, ev_s_gyokuza_h2.png, ev_s_gyokuza_h3.png, ev_s_gyokuza_h4.png, ev_s_gyokuza_h5.png, ev_s_gyokuza_h6.png, ev_s_gyokuza_h7.png",7,,,,
s_mermaid_h,"ev_s_mermaid_h1.png, ev_s_mermaid_h2.png, ev_s_mermaid_h3.png, ev_s_mermaid_h4.png",4,,,,
sabiriel_ha,"ev_sabiriel_ha01.png, ev_sabiriel_ha02.png, ev_sabiriel_ha03.png, ev_sabiriel_ha04.png, ev_sabiriel_ha05.png, ev_sabiriel_ha06.png, ev_sabiriel_ha07.png, ev_sabiriel_ha08.png, ev_sabiriel_ha09.png, ev_sabiriel_ha10.png",10,,,,
sabiriel_hb,"ev_sabiriel_hb01.png, ev_sabiriel_hb02.png, ev_sabiriel_hb03.png, ev_sabiriel_hb04.png, ev_sabiriel_hb05.png, ev_sabiriel_hb06.png, ev_sabiriel_hb07.png, ev_sabiriel_hb08.png, ev_sabiriel_hb09.png, ev_sabiriel_hb10.png, ev_sabiriel_hb11.png, ev_sabiriel_hb12.png",12,,,,
saboresu_ct,"ev_saboresu_ct01.png, ev_saboresu_ct02.png, ev_saboresu_ct03.png",3,,,,
saboresu_h,"ev_saboresu_h1.png, ev_saboresu_h2.png, ev_saboresu_h3.png, ev_saboresu_h4.png, ev_saboresu_h5.png",5,,,,
saboten_h,"ev_saboten_h1.png, ev_saboten_h2.png, ev_saboten_h3.png, ev_saboten_h4.png, ev_saboten_h5.png",5,,,,
saki_ha,"ev_saki_ha01.png, ev_saki_ha02.png, ev_saki_ha03.png, ev_saki_ha04.png, ev_saki_ha05.png, ev_saki_ha06.png, ev_saki_ha07.png, ev_saki_ha08.png, ev_saki_ha09.png, ev_saki_ha10.png",10,,,,
saki_hb,"ev_saki_hb01.png, ev_saki_hb02.png, ev_saki_hb03.png, ev_saki_hb04.png, ev_saki_hb05.png, ev_saki_hb06.png, ev_saki_hb07.png, ev_saki_hb08.png, ev_saki_hb09.png, ev_saki_hb10.png, ev_saki_hb11.png",11,,,,
saki_hc,"ev_saki_hc01.png, ev_saki_hc02.png, ev_saki_hc03.png, ev_saki_hc04.png, ev_saki_hc05.png",5,,,,
saki_hc2,"ev_saki_hc06.png, ev_saki_hc07.png, ev_saki_hc08.png, ev_saki_hc09.png, ev_saki_hc10.png",5,,,,
saki_hd,"ev_saki_hd1.png, ev_saki_hd2.png, ev_saki_hd3.png, ev_saki_hd4.png",4,2,,,2
saki_he,"ev_saki_he1.png, ev_saki_he2.png, ev_saki_he3.png, ev_saki_he4.png, ev_saki_he5.png, ev_saki_he6.png, ev_saki_he7.png, ev_saki_he8.png",8,,,,
salamander_ha,"ev_salamander_ha1.png, ev_salamander_ha2.png, ev_salamander_ha3.png",3,,,,
salamander_hb,"ev_salamander_hb1.png, ev_salamander_hb2.png, ev_salamander_hb3.png, ev_salamander_hb4.png",4,,,,
samael_hc,"ev_samael_hc1.png, ev_samael_hc2.png",2,,,,
samael_hd,"ev_samael_hd1.png, ev_samael_hd2.png, ev_samael_hd3.png, ev_samael_hd4.png, ev_samael_hd5.png, ev_samael_hd6.png, ev_samael_hd7.png",7,,,,
samuraielf_ct,"ev_samuraielf_ct01.png, ev_samuraielf_ct02.png, ev_samuraielf_ct03.png, ev_samuraielf_ct04.png",4,,,,
sandw_h,"ev_sandw_h1.png, ev_sandw_h2.png, ev_sandw_h3.png, ev_sandw_h4.png, ev_sandw_h5.png, ev_sandw_ct01.png, ev_sandw_ct02.png, ev_sandw_ct03.png, ev_sandw_ct04.png",9,,,,
sango_h,"ev_sango_h1.png, ev_sango_h2.png, ev_sango_h3.png, ev_sango_h4.png",4,,,,
sanki_ha,"ev_sanki_ha01.png, ev_sanki_ha02.png, ev_sanki_ha03.png, ev_sanki_ha04.png, ev_sanki_ha05.png, ev_sanki_ha06.png, ev_sanki_ha07.png, ev_sanki_ha08.png, ev_sanki_ha09.png, ev_sanki_ha10.png, ev_sanki_ct01.png, ev_sanki_ct02.png, ev_sanki_ct03.png, ev_sanki_ct04.png, ev_sanki_ct05.png, ev_sanki_ct06.png, ev_sanki_ct07.png, ev_sanki_ct08.png, ev_sanki_ct09.png, ev_sanki_ct10.png",20,0,,,
sanki_hb,"ev_sanki_hb01.png, ev_sanki_hb02.png, ev_sanki_hb03.png, ev_sanki_hb04.png, ev_sanki_hb05.png, ev_sanki_hb06.png, ev_sanki_hb07.png, ev_sanki_hb08.png, ev_sanki_hb09.png, ev_sanki_hb10.png, ev_sanki_ct11.png, ev_sanki_ct12.png, ev_sanki_ct13.png, ev_sanki_ct14.png, ev_sanki_ct15.png, ev_sanki_ct16.png, ev_sanki_ct17.png, ev_sanki_ct18.png, ev_sanki_ct19.png, ev_sanki_ct20.png",20,,,,
sanki_hc,"ev_sanki_hc01.png, ev_sanki_hc02.png, ev_sanki_hc03.png, ev_sanki_hc04.png, ev_sanki_hc05.png, ev_sanki_hc06.png, ev_sanki_hc07.png, ev_sanki_hc08.png, ev_sanki_hc09.png, ev_sanki_hc10.png, ev_sanki_ct21.png, ev_sanki_ct22.png, ev_sanki_ct23.png, ev_sanki_ct24.png, ev_sanki_ct25.png, ev_sanki_ct26.png, ev_sanki_ct27.png, ev_sanki_ct28.png, ev_sanki_ct29.png, ev_sanki_ct30.png",20,,,,
santamaria_ha,"ev_santamaria_ha01.png, ev_santamaria_ha02.png, ev_santamaria_ha03.png, ev_santamaria_ha04.png, ev_santamaria_ha05.png, ev_santamaria_ha06.png, ev_santamaria_ha07.png, ev_santamaria_ha08.png, ev_santamaria_ha09.png, ev_santamaria_ha10.png, ev_santamaria_ha11.png, ev_santamaria_ha12.png, ev_santamaria_ha13.png, ev_santamaria_ha14.png",14,,,,
santamaria_hb,"ev_santamaria_hb01.png, ev_santamaria_hb02.png, ev_santamaria_hb03.png, ev_santamaria_hb04.png, ev_santamaria_hb05.png, ev_santamaria_hb06.png, ev_santamaria_hb07.png, ev_santamaria_hb08.png, ev_santamaria_hb09.png, ev_santamaria_hb10.png",10,,,,
santamaria_hc,"ev_santamaria_hc1.png, ev_santamaria_hc2.png",2,,,,
santamaria_hd,"ev_santamaria_hd1.png, ev_santamaria_hd2.png, ev_santamaria_hd3.png, ev_santamaria_hd4.png",4,,,,
sara_ha,"ev_sara_ha1.png, ev_sara_ha2.png, ev_sara_ha3.png",3,,,,
sara_hb,"ev_sara_hb1.png, ev_sara_hb2.png, ev_sara_hb3.png, ev_sara_hb4.png",4,,,,
saraevil_cta,"ev_saraevil_cta01.png, ev_saraevil_cta02.png, ev_saraevil_cta03.png, ev_saraevil_cta04.png",4,,,,
saraevil_ctb,"ev_saraevil_ctb01.png, ev_saraevil_ctb02.png, ev_saraevil_ctb03.png, ev_saraevil_ctb04.png",4,,,,
saraevil_ha,"ev_saraevil_ha1.png",1,,,,
saraevil_hb,"ev_saraevil_hb0.png, ev_saraevil_hb1.png, ev_saraevil_hb2.png, ev_saraevil_hb3.png, ev_saraevil_hb4.png",5,,,,
sariera_h,"ev_sariera_h01.png, ev_sariera_h02.png, ev_sariera_h03.png, ev_sariera_h04.png, ev_sariera_h05.png, ev_sariera_h06.png, ev_sariera_h07.png, ev_sariera_h08.png, ev_sariera_h09.png, ev_sariera_h10.png, ev_sariera_h11.png, ev_sariera_h12.png, ev_sariera_h13.png, ev_sariera_h14.png, ev_sariera_h15.png, ev_sariera_h16.png, ev_sariera_h17.png, ev_sariera_h18.png, ev_sariera_h19.png, ev_sariera_h20.png, ev_sariera_h21.png, ev_sariera_h22.png, ev_sariera_h23.png",23,,,,
sarlacc_h,"ev_sarlacc_h1.png, ev_sarlacc_h2.png, ev_sarlacc_h3.png, ev_sarlacc_h4.png, ev_sarlacc_h5.png, ev_sarlacc_h6.png",6,,,,
sasori_h,"ev_sasori_h1.png, ev_sasori_h2.png, ev_sasori_h3.png, ev_sasori_h4.png, ev_sasori_ct01.png, ev_sasori_ct02.png, ev_sasori_ct03.png, ev_sasori_ct04.png",8,,,,
sasori_hb,"ev_sasori_hb1.png, ev_sasori_hb2.png, ev_sasori_hb3.png, ev_sasori_hb4.png, ev_sasori_hb5.png",5,,,,
satan_h,"ev_satan_h01.png, ev_satan_h02.png, ev_satan_h03.png, ev_satan_h04.png, ev_satan_h05.png, ev_satan_h06.png, ev_satan_h07.png, ev_satan_h08.png, ev_satan_h09.png, ev_satan_h10.png, ev_satan_h11.png, ev_satan_h12.png",12,,,,
satanachia_h,"ev_satanachia_h1.png, ev_satanachia_h2.png, ev_satanachia_h3.png, ev_satanachia_h4.png, ev_satanachia_h5.png, ev_satanachia_h6.png, ev_satanachia_h7.png",7,,,,
sazya_ct,"ev_sazya_ct01.png, ev_sazya_ct02.png, ev_sazya_ct03.png, ev_sazya_ct04.png",4,0,,,
sazya_ct1,"ev_sazya_ct11.png, ev_sazya_ct12.png, ev_sazya_ct13.png, ev_sazya_ct14.png",4,,,,
sazya_hd,"ev_sazya_hd1.png, ev_sazya_hd2.png, ev_sazya_hd3.png, ev_sazya_ct21.png, ev_sazya_ct22.png, ev_sazya_ct23.png",6,,,,
scylla_h,"ev_scylla_h0.png, ev_scylla_h1.png, ev_scylla_h2.png, ev_scylla_h3.png, ev_scylla_h4.png, ev_scylla_h5.png, ev_scylla_h6.png",7,,,,
scylla_s_ha,"ev_scylla_s_ha01.png, ev_scylla_s_ha02.png, ev_scylla_s_ha03.png, ev_scylla_s_ha04.png, ev_scylla_s_ha05.png, ev_scylla_s_ha06.png, ev_scylla_s_ha07.png, ev_scylla_s_ha08.png, ev_scylla_s_ha09.png, ev_scylla_s_ha10.png, ev_scylla_s_ha11.png, ev_scylla_s_ha12.png, ev_scylla_s_ha13.png, ev_scylla_s_ha14.png, ev_scylla_s_ha15.png, ev_scylla_s_ha16.png, ev_scylla_s_ha17.png",17,,,,
scylla_s_hb,"ev_scylla_s_hb01.png, ev_scylla_s_hb02.png, ev_scylla_s_hb03.png, ev_scylla_s_hb04.png, ev_scylla_s_hb05.png, ev_scylla_s_hb06.png, ev_scylla_s_hb07.png, ev_scylla_s_hb08.png, ev_scylla_s_hb09.png, ev_scylla_s_hb10.png, ev_scylla_s_hb11.png, ev_scylla_s_hb12.png, ev_scylla_s_hb13.png, ev_scylla_s_hb14.png, ev_scylla_s_hb15.png, ev_scylla_s_hb16.png, ev_scylla_s_hb17.png, ev_scylla_s_hb18.png, ev_scylla_s_hb19.png, ev_scylla_s_hb20.png, ev_scylla_s_hb21.png, ev_scylla_s_hb22.png, ev_scylla_s_hb23.png, ev_scylla_s_hb24.png, ev_scylla_s_hb25.png",25,,,,
scyllad_ct,"ev_scyllad_ct01.png, ev_scyllad_ct02.png",2,,,,
scyllad_ha,"ev_scyllad_ha1.png, ev_scyllad_ha2.png, ev_scyllad_ha3.png, ev_scyllad_ha4.png, ev_scyllad_ha5.png, ev_scyllad_ha6.png, ev_scyllad_ha7.png",7,,,,
scyllad_hb,"ev_scyllad_hb1.png, ev_scyllad_hb2.png, ev_scyllad_hb3.png, ev_scyllad_hb4.png, ev_scyllad_hb5.png, ev_scyllad_hb6.png",6,,,,
seaanemone_h,"ev_seaanemone_h1.png, ev_seaanemone_h2.png, ev_seaanemone_h3.png, ev_seaanemone_h4.png, ev_seaanemone_h5.png, ev_seaanemone_h6.png",6,,,,
sebasiel_h,"ev_sebasiel_h1.png, ev_sebasiel_h2.png, ev_sebasiel_h3.png, ev_sebasiel_h4.png, ev_sebasiel_ct01.png, ev_sebasiel_ct02.png, ev_sebasiel_ct03.png, ev_sebasiel_ct04.png",8,,,,
seiren_ct,"ev_seiren_ct01.png, ev_seiren_ct02.png, ev_seiren_ct03.png, ev_seiren_ct04.png",4,,,,
seitentaisei_ha,"ev_seitentaisei_ha01.png, ev_seitentaisei_ha02.png, ev_seitentaisei_ha03.png, ev_seitentaisei_ha04.png, ev_seitentaisei_ha05.png, ev_seitentaisei_ha06.png, ev_seitentaisei_ha07.png, ev_seitentaisei_ha08.png, ev_seitentaisei_ha09.png, ev_seitentaisei_ha10.png, ev_seitentaisei_ha11.png, ev_seitentaisei_ha12.png",12,,,,
seitentaisei_hb,"ev_seitentaisei_hb1.png, ev_seitentaisei_hb2.png, ev_seitentaisei_hb3.png, ev_seitentaisei_hb4.png, ev_seitentaisei_hb5.png, ev_seitentaisei_hb6.png",6,,,,
shadow_h,"ev_shadow_h1.png, ev_shadow_h2.png, ev_shadow_h3.png, ev_shadow_h4.png, ev_shadow_h5.png",5,,,,
shadowassassin_ha,"ev_shadowassassin_ha1.png, ev_shadowassassin_ha2.png, ev_shadowassassin_ha3.png, ev_shadowassassin_ha4.png, ev_shadowassassin_ha5.png, ev_shadowassassin_ha6.png",6,,,,
shadowassassin_hb,"ev_shadowassassin_hb1.png, ev_shadowassassin_hb2.png, ev_shadowassassin_hb3.png, ev_shadowassassin_hb4.png",4,,,,
shemhaza_ha,"ev_shemhaza_ha1.png, ev_shemhaza_ha2.png, ev_shemhaza_ha3.png",3,,,,
shemhaza_hd,"ev_shemhaza_hd1.png, ev_shemhaza_hd2.png, ev_shemhaza_hd3.png, ev_shemhaza_hd4.png, ev_shemhaza_hd5.png, ev_shemhaza_hd6.png, ev_shemhaza_hd7.png",7,,,,
shinobitanuki_ha,"ev_shinobitanuki_ha1.png, ev_shinobitanuki_ha2.png, ev_shinobitanuki_ha3.png, ev_shinobitanuki_ha4.png, ev_shinobitanuki_ha5.png",5,,,,
shion_ha,"ev_shion_ha01.png, ev_shion_ha02.png, ev_shion_ha03.png, ev_shion_ha04.png",4,,,,
shion_hb,"ev_shion_hb01.png, ev_shion_hb02.png, ev_shion_hb03.png, ev_shion_hb04.png, ev_shion_hb05.png",5,,,,
shion_hc,"ev_shion_hc01.png, ev_shion_hc02.png, ev_shion_hc03.png",3,,,,
shion_hd,"ev_shion_hd01.png, ev_shion_hd02.png, ev_shion_hd03.png",3,,,,
shirokuma_h,"ev_shirokuma_h1.png, ev_shirokuma_h2.png, ev_shirokuma_h3.png, ev_shirokuma_h4.png, ev_shirokuma_ct01.png, ev_shirokuma_ct02.png, ev_shirokuma_ct03.png, ev_shirokuma_ct04.png",8,,,,
shirom_h,"ev_shirom_h1.png, ev_shirom_h2.png, ev_shirom_h3.png, ev_shirom_h4.png, ev_shirom_h5.png, ev_shirom_h6.png",6,,,,
shirom_hb,"ev_shirom_hb1.png, ev_shirom_hb2.png, ev_shirom_hb3.png, ev_shirom_hb4.png",4,,,,
shirom_hb2,"ev_shirom_hb5.png, ev_shirom_hb6.png, ev_shirom_hb7.png, ev_shirom_hb8.png",4,,,,
shoutmata_hc,"ev_shoutmata_hc1.png, ev_shoutmata_hc2.png, ev_shoutmata_hc3.png, ev_shoutmata_ha1.png",4,,,,
sigurd_ha,"ev_sigurd_ha1.png, ev_sigurd_ha2.png, ev_sigurd_ha3.png",3,,,,
sigurd_hb,"ev_sigurd_hb1.png, ev_sigurd_hb2.png, ev_sigurd_hb3.png",3,,,,
silkiel_st2,"ev_silkiel_st31.png, ev_silkiel_st32.png, ev_silkiel_st33.png, ev_silkiel_st34.png, ev_silkiel_st35.png, ev_silkiel_st36.png",6,,,,
silkiel_st,"ev_silkiel_st21.png, ev_silkiel_st22.png, ev_silkiel_st23.png, ev_silkiel_st24.png, ev_silkiel_st25.png, ev_silkiel_st26.png, ev_silkiel_st27.png",7,,,,
singularity_ha,"ev_singularity_ha01.png, ev_singularity_ha02.png, ev_singularity_ha03.png, ev_singularity_ha04.png, ev_singularity_ha05.png, ev_singularity_ha06.png, ev_singularity_ha07.png, ev_singularity_ha08.png, ev_singularity_ha09.png, ev_singularity_ha10.png, ev_singularity_ha11.png, ev_singularity_ha12.png, ev_singularity_ha13.png, ev_singularity_ha14.png, ev_singularity_ha15.png, ev_singularity_ha16.png, ev_singularity_ha17.png",17,3,,,3
sinifa_ha,"ev_sinifa_ha01.png, ev_sinifa_ha02.png, ev_sinifa_ha03.png, ev_sinifa_ha04.png, ev_sinifa_ha05.png, ev_sinifa_ha06.png, ev_sinifa_ha07.png, ev_sinifa_ha08.png, ev_sinifa_ha09.png, ev_sinifa_ha10.png, ev_sinifa_ha11.png, ev_sinifa_ha12.png, ev_sinifa_ha13.png, ev_sinifa_ha14.png, ev_sinifa_ha15.png, ev_sinifa_ha16.png, ev_sinifa_ha17.png, ev_sinifa_ha18.png, ev_sinifa_ha19.png, ev_sinifa_ha20.png, ev_sinifa_ha21.png, ev_sinifa_ha22.png, ev_sinifa_ha23.png, ev_sinifa_ha24.png, ev_sinifa_ha25.png, ev_sinifa_ha26.png",26,,,,
sinigami_ha,"ev_sinigami_ha1.png, ev_sinigami_ha2.png, ev_sinigami_ha3.png, ev_sinigami_ha4.png, ev_sinigami_ha5.png, ev_sinigami_ha6.png, ev_sinigami_ha7.png, ev_sinigami_ha8.png",8,,,,
sinigami_hb,"ev_sinigami_hb1.png, ev_sinigami_hb2.png, ev_sinigami_hb3.png, ev_sinigami_hb4.png, ev_sinigami_hb5.png, ev_sinigami_hb6.png, ev_sinigami_hb7.png, ev_sinigami_hb8.png",8,,,,
sinkiro_h,"ev_sinkiro_h1.png, ev_sinkiro_h2.png, ev_sinkiro_h3.png, ev_sinkiro_h4.png",4,,,,
siriel_ha,"ev_siriel_ha1.png, ev_siriel_ha2.png, ev_siriel_ha3.png, ev_siriel_ha4.png",4,,,,
siriel_hb,"ev_siriel_hb1.png, ev_siriel_hb2.png, ev_siriel_hb3.png, ev_siriel_hb4.png",4,,,,
sirohebisama_ha,"ev_sirohebisama_ha1.png, ev_sirohebisama_ha2.png, ev_sirohebisama_ha3.png, ev_sirohebisama_ha4.png, ev_sirohebisama_ha5.png, ev_sirohebisama_ha6.png, ev_sirohebisama_ha7.png, ev_sirohebisama_ha8.png, ev_sirohebisama_ha9.png, ev_sirohebisama_ha1s.png",10,,,,
sirohebisama_hb,"ev_sirohebisama_hb1.png, ev_sirohebisama_hb2.png, ev_sirohebisama_hb3.png, ev_sirohebisama_hb4.png, ev_sirohebisama_hb5.png, ev_sirohebisama_hb6.png, ev_sirohebisama_hb7.png, ev_sirohebisama_hb8.png, ev_sirohebisama_hb9.png, ev_sirohebisama_ct01.png, ev_sirohebisama_ct02.png, ev_sirohebisama_ct03.png, ev_sirohebisama_ct04.png, ev_sirohebisama_ct05.png, ev_sirohebisama_ct06.png, ev_sirohebisama_ct07.png, ev_sirohebisama_ct08.png, ev_sirohebisama_ct09.png",18,,,,
sirousagi_ha,"ev_sirousagi_ha01.png, ev_sirousagi_ha02.png, ev_sirousagi_ha03.png, ev_sirousagi_ha04.png, ev_sirousagi_ha05.png, ev_sirousagi_ha06.png",6,,,,
sirousagi_hb,"ev_sirousagi_hb01.png, ev_sirousagi_hb02.png, ev_sirousagi_hb03.png, ev_sirousagi_hb04.png, ev_sirousagi_hb05.png, ev_sirousagi_hb06.png, ev_sirousagi_hb07.png, ev_sirousagi_hb08.png, ev_sirousagi_hb09.png",9,,,,
sisccubus_h,"ev_sisccubus_h01.png, ev_sisccubus_h02.png, ev_sisccubus_h03.png, ev_sisccubus_h04.png, ev_sisccubus_h05.png, ev_sisccubus_h06.png, ev_sisccubus_h07.png, ev_sisccubus_h08.png, ev_sisccubus_h09.png, ev_sisccubus_h10.png, ev_sisccubus_h11.png, ev_sisccubus_h12.png, ev_sisccubus_h13.png",13,,,,
sisel_ha,"ev_sisel_ha1.png, ev_sisel_ha2.png, ev_sisel_ha3.png, ev_sisel_ha4.png, ev_sisel_ha5.png",5,,,,
sisel_hb,"ev_sisel_hb1.png, ev_sisel_hb2.png, ev_sisel_hb3.png, ev_sisel_hb4.png, ev_sisel_hb5.png",5,,,,
sisterlamia_h,"ev_sisterlamia_h1.png, ev_sisterlamia_h2.png, ev_sisterlamia_h3.png, ev_sisterlamia_ct01.png, ev_sisterlamia_ct02.png, ev_sisterlamia_ct03.png",6,,,,
sisterlamia_hb,"ev_sisterlamia_hb1.png, ev_sisterlamia_hb2.png, ev_sisterlamia_hb3.png",3,,,,
sisterlamia_hc,"ev_sisterlamia_hc1.png",1,,,,
sisterlamia_hd,"ev_sisterlamia_hd1.png, ev_sisterlamia_hd2.png, ev_sisterlamia_hd3.png, ev_sisterlamia_hd4.png",4,,,,
sisterlamia_he,"ev_sisterlamia_he1.png, ev_sisterlamia_he2.png, ev_sisterlamia_he3.png, ev_sisterlamia_he4.png",4,,,,
skyuba_h,"ev_skyuba_h00.png, ev_skyuba_h01.png, ev_skyuba_h02.png, ev_skyuba_h03.png, ev_skyuba_h04.png, ev_skyuba_h05.png, ev_skyuba_h06.png, ev_skyuba_h07.png, ev_skyuba_h08.png, ev_skyuba_h09.png, ev_skyuba_h10.png",11,,,,
slime_green_h,"ev_slime_green_h1.png, ev_slime_green_h2.png, ev_slime_green_h3.png",3,,,,
slime_h,"ev_slime_h1.png, ev_slime_h2.png, ev_slime_h3.png, ev_slime_h4.png",4,,,,
slime_hb,"ev_slime_hb1.png, ev_slime_hb2.png, ev_slime_hb3.png, ev_slime_hb4.png",4,,,,
slimelord_ha,"ev_slimelord_ha1.png, ev_slimelord_ha2.png, ev_slimelord_ha3.png",3,,,,
slimelord_hb,"ev_slimelord_hb1.png, ev_slimelord_hb2.png, ev_slimelord_hb3.png, ev_slimelord_hb4.png, ev_slimelord_hb5.png, ev_slimelord_hb6.png, ev_slimelord_ct01.png, ev_slimelord_ct02.png, ev_slimelord_ct03.png",9,,,,
slimeprin_h,"ev_slimeprin_h1.png, ev_slimeprin_h2.png, ev_slimeprin_h3.png, ev_slimeprin_h4.png",4,,,,
slimes_ha,"ev_slimes_ha1.png, ev_slimes_ha2.png, ev_slimes_ha3.png",3,1,,,1
slimes_hb,"ev_slimes_hb1.png, ev_slimes_hb2.png, ev_slimes_hb3.png",3,,,,
slimes_hc,"ev_slimes_hc1.png, ev_slimes_hc2.png, ev_slimes_hc3.png",3,,,,
slimes_hd,"ev_slimes_hd1.png, ev_slimes_hd2.png, ev_slimes_hd3.png",3,,,,
sonia_ha,"ev_sonia_ha01.png, ev_sonia_ha02.png, ev_sonia_ha03.png, ev_sonia_ha04.png, ev_sonia_ha05.png, ev_sonia_ha06.png, ev_sonia_ha07.png, ev_sonia_ha08.png, ev_sonia_ha09.png, ev_sonia_ha10.png, ev_sonia_ha11.png, ev_sonia_ha12.png, ev_sonia_ha13.png, ev_sonia_ha14.png, ev_sonia_ha15.png, ev_sonia_ha16.png, ev_sonia_ha17.png, ev_sonia_ha18.png, ev_sonia_ha19.png, ev_sonia_ha20.png, ev_sonia_ha21.png",21,,,,
sonia_hb,"ev_sonia_hb01.png, ev_sonia_hb02.png, ev_sonia_hb03.png, ev_sonia_hb04.png, ev_sonia_hb05.png, ev_sonia_hb06.png, ev_sonia_hb07.png, ev_sonia_hb08.png, ev_sonia_hb09.png, ev_sonia_hb10.png, ev_sonia_hb11.png, ev_sonia_hb12.png, ev_sonia_hb13.png, ev_sonia_hb14.png, ev_sonia_hb15.png, ev_sonia_hb16.png, ev_sonia_hb17.png, ev_sonia_hb18.png, ev_sonia_hb19.png",19,0,,,
sonia_hx919,"ev_sonia_hx919_01.png, ev_sonia_hx919_02.png, ev_sonia_hx919_03.png, ev_sonia_hx919_04.png, ev_sonia_hx919_05.png, ev_sonia_hx919_06.png, ev_sonia_hx919_07.png, ev_sonia_hx919_08.png, ev_sonia_hx919_09.png, ev_sonia_hx919_10.png",10,,,,
sonia_hx920,"ev_sonia_hx920_01.png, ev_sonia_hx920_02.png, ev_sonia_hx920_03.png, ev_sonia_hx920_04.png, ev_sonia_hx920_05.png, ev_sonia_hx920_06.png, ev_sonia_hx920_07.png, ev_sonia_hx920_08.png, ev_sonia_hx920_09.png, ev_sonia_hx920_10.png",10,,,,
sonia_hx921,"ev_sonia_hx921_01.png, ev_sonia_hx921_02.png, ev_sonia_hx921_03.png, ev_sonia_hx921_04.png, ev_sonia_hx921_05.png, ev_sonia_hx921_06.png, ev_sonia_hx921_07.png, ev_sonia_hx921_08.png, ev_sonia_hx921_09.png, ev_sonia_hx921_10.png",10,,,,
sonia_hx922,"ev_sonia_hx922_01.png, ev_sonia_hx922_02.png, ev_sonia_hx922_03.png, ev_sonia_hx922_04.png, ev_sonia_hx922_05.png, ev_sonia_hx922_06.png, ev_sonia_hx922_07.png, ev_sonia_hx922_08.png, ev_sonia_hx922_09.png, ev_sonia_hx922_10.png",10,,,,
sonia_hx923,"ev_sonia_hx923_01.png, ev_sonia_hx923_02.png, ev_sonia_hx923_03.png, ev_sonia_hx923_04.png, ev_sonia_hx923_05.png, ev_sonia_hx923_06.png, ev_sonia_hx923_07.png, ev_sonia_hx923_08.png, ev_sonia_hx923_09.png, ev_sonia_hx923_10.png",10,,,,
sonia_hx924,"ev_sonia_hx924_01.png, ev_sonia_hx924_02.png, ev_sonia_hx924_03.png, ev_sonia_hx924_04.png, ev_sonia_hx924_05.png, ev_sonia_hx924_06.png, ev_sonia_hx924_07.png, ev_sonia_hx924_08.png, ev_sonia_hx924_09.png, ev_sonia_hx924_10.png",10,,,,
sonia_hx925,"ev_sonia_hx925_01.png, ev_sonia_hx925_02.png, ev_sonia_hx925_03.png, ev_sonia_hx925_04.png, ev_sonia_hx925_05.png, ev_sonia_hx925_06.png, ev_sonia_hx925_07.png, ev_sonia_hx925_08.png, ev_sonia_hx925_09.png, ev_sonia_hx925_10.png",10,,,,
sonia_hx926,"ev_sonia_hx926_01.png, ev_sonia_hx926_02.png, ev_sonia_hx926_03.png, ev_sonia_hx926_04.png, ev_sonia_hx926_05.png, ev_sonia_hx926_06.png, ev_sonia_hx926_07.png, ev_sonia_hx926_08.png, ev_sonia_hx926_09.png, ev_sonia_hx926_10.png",10,,,,
sonia_hx927,"ev_sonia_hx927_01.png, ev_sonia_hx927_02.png, ev_sonia_hx927_03.png, ev_sonia_hx927_04.png, ev_sonia_hx927_05.png, ev_sonia_hx927_06.png, ev_sonia_hx927_07.png, ev_sonia_hx927_08.png, ev_sonia_hx927_09.png, ev_sonia_hx927_10.png",10,,,,
sonia_hx928,"ev_sonia_hx928_01.png, ev_sonia_hx928_02.png, ev_sonia_hx928_03.png, ev_sonia_hx928_04.png, ev_sonia_hx928_05.png, ev_sonia_hx928_06.png, ev_sonia_hx928_07.png, ev_sonia_hx928_08.png, ev_sonia_hx928_09.png, ev_sonia_hx928_10.png",10,,,,
sonia_hx929,"ev_sonia_hx929_01.png, ev_sonia_hx929_02.png, ev_sonia_hx929_03.png, ev_sonia_hx929_04.png, ev_sonia_hx929_05.png, ev_sonia_hx929_06.png, ev_sonia_hx929_07.png, ev_sonia_hx929_08.png, ev_sonia_hx929_09.png, ev_sonia_hx929_10.png",10,,,,
soniachaos_h,"ev_soniachaos_h01.png, ev_soniachaos_h02.png, ev_soniachaos_h03.png, ev_soniachaos_h04.png, ev_soniachaos_h05.png, ev_soniachaos_h06.png, ev_soniachaos_h07.png, ev_soniachaos_h08.png, ev_soniachaos_h09.png, ev_soniachaos_h10.png, ev_soniachaos_h11.png, ev_soniachaos_h12.png, ev_soniachaos_h13.png, ev_soniachaos_h14.png, ev_soniachaos_h15.png, ev_soniachaos_h16.png, ev_soniachaos_h17.png, ev_soniachaos_h18.png, ev_soniachaos_h19.png, ev_soniachaos_h20.png",20,,,,
soniamanyu_ha,"ev_soniamanyu_ha01.png, ev_soniamanyu_ha02.png, ev_soniamanyu_ha03.png, ev_soniamanyu_ha04.png, ev_soniamanyu_ha05.png, ev_soniamanyu_ha06.png, ev_soniamanyu_ha07.png, ev_soniamanyu_ha08.png, ev_soniamanyu_ha09.png, ev_soniamanyu_ha10.png, ev_soniamanyu_ha11.png, ev_soniamanyu_ha12.png, ev_soniamanyu_ha13.png, ev_soniamanyu_ha14.png, ev_soniamanyu_ha15.png, ev_soniamanyu_ha16.png, ev_soniamanyu_ha17.png, ev_soniamanyu_ha18.png, ev_soniamanyu_ha19.png, ev_soniamanyu_ha20.png, ev_soniamanyu_ha21.png",21,,,,
soniamazda_ha,"ev_soniamazda_ha01.png, ev_soniamazda_ha02.png, ev_soniamazda_ha03.png, ev_soniamazda_ha04.png, ev_soniamazda_ha05.png, ev_soniamazda_ha06.png, ev_soniamazda_ha07.png, ev_soniamazda_ha08.png, ev_soniamazda_ha09.png, ev_soniamazda_ha10.png, ev_soniamazda_ha11.png, ev_soniamazda_ha12.png, ev_soniamazda_ha13.png, ev_soniamazda_ha14.png, ev_soniamazda_ha15.png, ev_soniamazda_ha16.png, ev_soniamazda_ha17.png",17,,,,
spawn_hb,"ev_spawn_hb01.png, ev_spawn_hb02.png, ev_spawn_hb03.png, ev_spawn_hb04.png, ev_spawn_hb05.png, ev_spawn_hb06.png, ev_spawn_hb07.png, ev_spawn_hb08.png, ev_spawn_hb09.png, ev_spawn_hb10.png, ev_spawn_hb11.png, ev_spawn_hb12.png",12,,,,
spawn_hc,"ev_spawn_hc01.png, ev_spawn_hc02.png, ev_spawn_hc03.png, ev_spawn_hc04.png, ev_spawn_hc05.png, ev_spawn_hc06.png, ev_spawn_hc07.png, ev_spawn_hc08.png, ev_spawn_hc09.png, ev_spawn_hc10.png, ev_spawn_hc11.png, ev_spawn_hc12.png",12,,,,
sphinx_h,"ev_sphinx_h1.png, ev_sphinx_h2.png, ev_sphinx_h3.png, ev_sphinx_h4.png, ev_sphinx_ct01.png, ev_sphinx_ct02.png, ev_sphinx_ct03.png, ev_sphinx_cta01.png, ev_sphinx_cta02.png, ev_sphinx_cta03.png, ev_sphinx_cta04.png, ev_sphinx_cta05.png",12,,,,
sphinx_hb,"ev_sphinx_hb1.png, ev_sphinx_hb2.png, ev_sphinx_hb3.png, ev_sphinx_hb4.png, ev_sphinx_hb5.png",5,,,,
sphinx_hc,"ev_sphinx_hc1.png",1,,,,
sphinx_hd,"ev_sphinx_hd1.png",1,,,,
starma_h,"ev_starma_h1.png, ev_starma_h2.png, ev_starma_h3.png, ev_starma_h4.png, ev_starma_h5.png, ev_starma_h6.png, ev_starma_h7.png",7,,,,
stein_ct,"ev_stein_ct01.png, ev_stein_ct02.png, ev_stein_ct03.png, ev_stein_ct04.png",4,,,,
stein_hb,"ev_stein_hb0.png, ev_stein_hb1.png, ev_stein_hb2.png, ev_stein_hb3.png, ev_stein_hb4.png, ev_stein_hb5.png, ev_stein_ct11.png, ev_stein_ct12.png, ev_stein_ct13.png, ev_stein_ct14.png",10,,,,
stein_hc,"ev_stein_hc01.png, ev_stein_hc02.png, ev_stein_hc03.png, ev_stein_hc04.png, ev_stein_hc05.png, ev_stein_hc06.png, ev_stein_hc07.png, ev_stein_hc08.png, ev_stein_hc09.png, ev_stein_hc10.png, ev_stein_hc11.png, ev_stein_hc12.png, ev_stein_hc13.png, ev_stein_hc14.png, ev_stein_hc15.png, ev_stein_hc16.png, ev_stein_hc17.png, ev_stein_hc18.png, ev_stein_hc19.png, ev_stein_hc20.png, ev_stein_hc21.png, ev_stein_hc22.png, ev_stein_hc23.png, ev_stein_hc24.png, ev_stein_hc25.png, ev_stein_hc26.png, ev_stein_hc27.png, ev_stein_hc28.png, ev_stein_hc29.png, ev_stein_hc30.png, ev_stein_hc31.png, ev_stein_hc32.png, ev_stein_hc33.png, ev_stein_hc34.png, ev_stein_hc35.png, ev_stein_hc36.png, ev_stein_hc37.png, ev_stein_hc38.png, ev_stein_hc39.png, ev_stein_hc40.png, ev_stein_hc41.png, ev_stein_hc42.png, ev_stein_hc43.png, ev_stein_hc44.png, ev_stein_hc45.png, ev_stein_hc46.png, ev_stein_hc47.png, ev_stein_hc48.png, ev_stein_hc49.png, ev_stein_hc50.png, ev_stein_hc51.png, ev_stein_hc27b.png",52,,,,
stein_hsa,"ev_stein_hsa1.png, ev_stein_hsa2.png, ev_stein_hsa3.png, ev_stein_hsa4.png, ev_stein_hsa5.png",5,,,,
stein_hsb,"ev_stein_hsb1.png, ev_stein_hsb2.png, ev_stein_hsb3.png, ev_stein_hsb4.png",4,,,,
stein_hsc,"ev_stein_hsc1.png, ev_stein_hsc2.png, ev_stein_hsc3.png, ev_stein_hsc4.png",4,,,,
stein_hsd,"ev_stein_hsd1.png, ev_stein_hsd2.png, ev_stein_hsd3.png, ev_stein_hsd4.png",4,,,,
stein_hse,"ev_stein_hse1.png, ev_stein_hse2.png, ev_stein_hse3.png, ev_stein_hse4.png",4,,,,
stein_hsf,"ev_stein_hsf1.png, ev_stein_hsf2.png, ev_stein_hsf3.png, ev_stein_hsf4.png, ev_stein_hsf5.png",5,,,,
stein_hsg,"ev_stein_hsg1.png",1,,,,
stein2_h,"ev_stein2_h1.png, ev_stein2_h2.png, ev_stein2_h3.png, ev_stein2_h4.png, ev_stein2_h5.png, ev_stein2_h6.png, ev_stein2_ct01.png, ev_stein2_ct02.png, ev_stein2_ct03.png, ev_stein2_ct04.png, ev_stein2_ct05.png, ev_stein2_ct11.png, ev_stein2_ct12.png, ev_stein2_ct13.png, ev_stein2_ct14.png, ev_stein2_ct15.png, ev_stein2_ct16.png",17,,,,
stein2_hb,"ev_stein2_hb1.png, ev_stein2_hb2.png, ev_stein2_hb3.png, ev_stein2_hb4.png",4,,,,
stein2_hc,"ev_stein2_hc1.png, ev_stein2_hc2.png, ev_stein2_hc3.png, ev_stein2_hc4.png, ev_stein2_hc5.png",5,,,,
succubus_ha,"ev_succubus_ha1.png, ev_succubus_ha2.png, ev_succubus_ha3.png, ev_succubus_ha4.png, ev_succubus_ha5.png, ev_succubus_ha6.png",6,,,,
succubus_hb,"ev_succubus_hb1.png, ev_succubus_hb2.png, ev_succubus_hb3.png, ev_succubus_hb4.png, ev_succubus_hb5.png, ev_succubus_hb6.png",6,,,,
succubus_hc,"ev_succubus_hc1.png, ev_succubus_hc2.png, ev_succubus_hc3.png, ev_succubus_hc4.png, ev_succubus_hc5.png, ev_succubus_hc6.png, ev_succubus_hc7.png, ev_succubus_hc8.png, ev_succubus_hc9.png",9,,,,
succubus_hd,"ev_succubus_hd1.png, ev_succubus_hd2.png, ev_succubus_hd3.png, ev_succubus_hd4.png",4,,,,
succubuses_ha,"ev_succubuses_ha01.png, ev_succubuses_ha02.png, ev_succubuses_ha03.png, ev_succubuses_ha04.png, ev_succubuses_ha05.png, ev_succubuses_ha06.png, ev_succubuses_ha07.png, ev_succubuses_ha08.png, ev_succubuses_ha09.png, ev_succubuses_ha10.png, ev_succubuses_ha11.png",11,,,,
succubuses_hb,"ev_succubuses_hb01.png, ev_succubuses_hb02.png, ev_succubuses_hb03.png, ev_succubuses_hb04.png, ev_succubuses_hb05.png, ev_succubuses_hb06.png, ev_succubuses_hb07.png, ev_succubuses_hb08.png, ev_succubuses_hb09.png, ev_succubuses_hb10.png, ev_succubuses_hb11.png",11,,,,
succubusj_h,"ev_succubusj_h1.png, ev_succubusj_h2.png, ev_succubusj_h3.png, ev_succubusj_h4.png, ev_succubusj_h5.png",5,,,,
succubusj_hb,"ev_succubusj_hb1.png",1,,,,
succubusm_h,"ev_succubusm_h1.png, ev_succubusm_h2.png, ev_succubusm_h3.png, ev_succubusm_h4.png, ev_succubusm_h5.png",5,,,,
succubusq_h,"ev_succubusq_h1.png, ev_succubusq_h2.png, ev_succubusq_h3.png, ev_succubusq_h4.png, ev_succubusq_h5.png, ev_succubusq_h6.png",6,,,,
suckvore_h,"ev_suckvore_h1.png, ev_suckvore_h2.png, ev_suckvore_h3.png, ev_suckvore_h4.png, ev_suckvore_h5.png, ev_suckvore_h6.png, ev_suckvore_h7.png",7,,,,
suckvore_hb,"ev_suckvore_hb1.png, ev_suckvore_hb2.png, ev_suckvore_hb3.png, ev_suckvore_hb4.png, ev_suckvore_hb5.png",5,,,,
suckvore_hc,"ev_suckvore_hc1.png",1,,,,
suika_h,"ev_suika_h1.png, ev_suika_h2.png, ev_suika_h3.png, ev_suika_h4.png",4,,,,
suika_hb,"ev_suika_hb1.png, ev_suika_hb2.png, ev_suika_hb3.png",3,,,,
suika_hc,"ev_suika_hc1.png, ev_suika_hc2.png, ev_suika_hc3.png, ev_suika_hc4.png",4,,,,
suiryu_h,"ev_suiryu_h01.png, ev_suiryu_h02.png, ev_suiryu_h03.png, ev_suiryu_h04.png, ev_suiryu_h05.png, ev_suiryu_h06.png, ev_suiryu_h07.png, ev_suiryu_h08.png, ev_suiryu_h09.png, ev_suiryu_h10.png",10,,,,
suzume_h,"ev_suzume_h1.png, ev_suzume_h2.png, ev_suzume_h3.png, ev_suzume_h4.png, ev_suzume_h5.png, ev_suzume_h6.png, ev_suzume_h7.png, ev_suzume_h8.png, ev_suzume_h9.png",9,,,,
suzumebati_ct,"ev_suzumebati_ct01.png, ev_suzumebati_ct02.png, ev_suzumebati_ct03.png, ev_suzumebati_ct04.png",4,,,,
syesta_h,"ev_syesta_h01.png, ev_syesta_h02.png, ev_syesta_h03.png, ev_syesta_h04.png, ev_syesta_h05.png, ev_syesta_h06.png, ev_syesta_h07.png, ev_syesta_h08.png, ev_syesta_h09.png, ev_syesta_h10.png, ev_syesta_h11.png, ev_syesta_h12.png, ev_syesta_h13.png, ev_syesta_h14.png, ev_syesta_h15.png, ev_syesta_h16.png, ev_syesta_h17.png, ev_syesta_h18.png, ev_syesta_h19.png, ev_syesta_h20.png, ev_syesta_h21.png, ev_syesta_h22.png, ev_syesta_h23.png, ev_syesta_h24.png, ev_syesta_h25.png, ev_syesta_h26.png, ev_syesta_h27.png, ev_syesta_h28.png, ev_syesta_h29.png, ev_syesta_h30.png, ev_syesta_h31.png, ev_syesta_h32.png, ev_syesta_h33.png, ev_syesta_h34.png, ev_syesta_h35.png, ev_syesta_h36.png",36,,,,
sylph_h,"ev_sylph_h1.png, ev_sylph_h2.png, ev_sylph_h3.png",3,,,,
sylph_hb,"ev_sylph_hb1.png, ev_sylph_hb2.png, ev_sylph_hb3.png, ev_sylph_hb4.png",4,,,,
syuree_h,"ev_syuree_h01.png, ev_syuree_h02.png, ev_syuree_h03.png, ev_syuree_h04.png, ev_syuree_h05.png, ev_syuree_h06.png, ev_syuree_h07.png, ev_syuree_h08.png, ev_syuree_h09.png, ev_syuree_h10.png, ev_syuree_h11.png, ev_syuree_h12.png, ev_syuree_h13.png, ev_syuree_h14.png, ev_syuree_h15.png, ev_syuree_h16.png, ev_syuree_h17.png, ev_syuree_h18.png, ev_syuree_h19.png, ev_syuree_h20.png, ev_syuree_h21.png, ev_syuree_h22.png, ev_syuree_h23.png, ev_syuree_h24.png, ev_syuree_h25.png, ev_syuree_h26.png, ev_syuree_h27.png, ev_syuree_h28.png, ev_syuree_h29.png, ev_syuree_h30.png, ev_syuree_h31.png, ev_syuree_h32.png",32,,,,
syuree_hc,"ev_syuree_hc01.png, ev_syuree_hc02.png, ev_syuree_hc03.png, ev_syuree_hc04.png, ev_syuree_hc05.png, ev_syuree_hc06.png, ev_syuree_hc07.png, ev_syuree_hc08.png, ev_syuree_hc09.png, ev_syuree_hc10.png, ev_syuree_hc11.png, ev_syuree_hc12.png, ev_syuree_hc13.png, ev_syuree_hc14.png, ev_syuree_hc15.png, ev_syuree_hc16.png",16,,,,
tamamo_cta,"ev_tamamo_cta01.png, ev_tamamo_cta02.png, ev_tamamo_cta03.png, ev_tamamo_cta04.png",4,,,,
tamamo_ctb,"ev_tamamo_ctb01.png, ev_tamamo_ctb02.png, ev_tamamo_ctb03.png, ev_tamamo_ctb04.png",4,,,,
tamamo_ctc,"ev_tamamo_ctc01.png, ev_tamamo_ctc02.png, ev_tamamo_ctc03.png, ev_tamamo_ctc04.png",4,3,,,3
tamamo_h,"ev_tamamo_h1.png, ev_tamamo_h2.png, ev_tamamo_h3.png, ev_tamamo_h4.png, ev_tamamo_h5.png, ev_tamamo_h6.png",6,,,,
tamamo_ha,"ev_tamamo_ha1.png, ev_tamamo_ha2.png, ev_tamamo_ha3.png, ev_tamamo_ha4.png, ev_tamamo_ha5.png, ev_tamamo_ha6.png, ev_tamamo_ha7.png",7,,,,
tamamo_hb,"ev_tamamo_hb1.png, ev_tamamo_hb2.png, ev_tamamo_hb3.png, ev_tamamo_hb4.png, ev_tamamo_hb5.png, ev_tamamo_hb6.png, ev_tamamo_hb7.png, ev_tamamo_hb8.png",8,,,,
tamamo_hc,"ev_tamamo_hc1.png, ev_tamamo_hc2.png, ev_tamamo_hc3.png, ev_tamamo_hc4.png, ev_tamamo_hc5.png, ev_tamamo_hc6.png, ev_tamamo_hc7.png",7,,,,
tamamo_hd,"ev_tamamo_hd01.png, ev_tamamo_hd02.png, ev_tamamo_hd03.png, ev_tamamo_hd04.png, ev_tamamo_hd05.png, ev_tamamo_hd06.png, ev_tamamo_hd07.png, ev_tamamo_hd08.png, ev_tamamo_hd09.png, ev_tamamo_hd10.png",10,,,,
tamamo_he,"ev_tamamo_he01.png, ev_tamamo_he02.png, ev_tamamo_he03.png, ev_tamamo_he04.png, ev_tamamo_he05.png, ev_tamamo_he06.png, ev_tamamo_he07.png, ev_tamamo_he08.png, ev_tamamo_he09.png, ev_tamamo_he10.png",10,,,,
tamamo_hf,"ev_tamamo_hf01.png, ev_tamamo_hf02.png, ev_tamamo_hf03.png, ev_tamamo_hf04.png, ev_tamamo_hf05.png, ev_tamamo_hf06.png, ev_tamamo_hf07.png, ev_tamamo_hf08.png, ev_tamamo_hf09.png, ev_tamamo_hf10.png, ev_tamamo_hf11.png, ev_tamamo_hf12.png",12,,,,
tamamo2_hd,"ev_tamamo2_hd1.png, ev_tamamo2_hd2.png, ev_tamamo2_hd3.png, ev_tamamo2_hd4.png, ev_tamamo2_hd5.png, ev_tamamo2_hd6.png, ev_tamamo2_hd7.png, ev_tamamo2_hd8.png",8,,,,
tao_ha,"ev_tao_ha1.png, ev_tao_ha2.png, ev_tao_ha3.png, ev_tao_ha4.png, ev_tao_ha5.png, ev_tao_ha6.png, ev_tao_ha7.png",7,,,,
tao_hb,"ev_tao_hb1.png, ev_tao_hb2.png, ev_tao_hb3.png, ev_tao_hb4.png, ev_tao_hb5.png",5,,,,
tao_hc,"ev_tao_hc01.png, ev_tao_hc02.png, ev_tao_hc03.png",3,,,,
taran_h,"ev_taran_h1.png, ev_taran_h2.png, ev_taran_h3.png, ev_taran_h4.png, ev_taran_h5.png, ev_taran_ct01.png, ev_taran_ct02.png, ev_taran_ct03.png, ev_taran_ct04.png",9,,,,
tarsa_h,"ev_tarsa_h1.png, ev_tarsa_h2.png, ev_tarsa_h3.png, ev_tarsa_h4.png, ev_tarsa_h5.png, ev_tarsa_h6.png",6,,,,
tatunoko_k_h,"ev_tatunoko_k_h1.png, ev_tatunoko_k_h2.png, ev_tatunoko_k_h3.png, ev_tatunoko_k_h4.png",4,,,,
tatunoko_k_hb,"ev_tatunoko_k_hb1.png, ev_tatunoko_k_hb2.png, ev_tatunoko_k_hb3.png, ev_tatunoko_k_hb4.png",4,,,,
tennyo_h,"ev_tennyo_h1.png, ev_tennyo_h2.png, ev_tennyo_h3.png, ev_tennyo_h4.png",4,,,,
testarossa_h,"ev_testarossa_h1.png, ev_testarossa_h2.png, ev_testarossa_h3.png, ev_testarossa_h4.png, ev_testarossa_h5.png, ev_testarossa_h6.png, ev_testarossa_h7.png, ev_testarossa_h8.png, ev_testarossa_ct01.png, ev_testarossa_ct02.png, ev_testarossa_ct03.png, ev_testarossa_ct04.png, ev_testarossa_ct05.png, ev_testarossa_ct06.png",14,,,,
tezcatlipoca_h,"ev_tezcatlipoca_h01.png, ev_tezcatlipoca_h02.png, ev_tezcatlipoca_h03.png, ev_tezcatlipoca_h04.png, ev_tezcatlipoca_h05.png, ev_tezcatlipoca_h06.png, ev_tezcatlipoca_h07.png, ev_tezcatlipoca_h08.png, ev_tezcatlipoca_h09.png, ev_tezcatlipoca_h10.png",10,,,,
tezcatlipoca_hb,"ev_tezcatlipoca_hb1.png, ev_tezcatlipoca_hb2.png, ev_tezcatlipoca_hb3.png, ev_tezcatlipoca_hb4.png, ev_tezcatlipoca_hb5.png, ev_tezcatlipoca_hb6.png, ev_tezcatlipoca_hb7.png",7,,,,
tfairy_ct,"ev_tfairy_ct01.png, ev_tfairy_ct02.png, ev_tfairy_ct03.png",3,,,,
tfairy_ct1,"ev_tfairy_ct11.png, ev_tfairy_ct12.png, ev_tfairy_ct13.png",3,,,,
tfairy_ct2,"ev_tfairy_ct21.png, ev_tfairy_ct22.png, ev_tfairy_ct23.png",3,,,,
tiamat_ha,"ev_tiamat_ha1.png, ev_tiamat_ha2.png, ev_tiamat_ha3.png",3,,,,
tiamat_hb,"ev_tiamat_hb1.png, ev_tiamat_hb2.png",2,,,,
tiamat_hc,"ev_tiamat_hc1.png, ev_tiamat_hc2.png, ev_tiamat_hc3.png, ev_tiamat_hc4.png, ev_tiamat_hc5.png, ev_tiamat_hd1.png, ev_tiamat_hd2.png, ev_tiamat_he1.png, ev_tiamat_he2.png, ev_tiamat_hf1.png, ev_tiamat_hf2.png, ev_tiamat_hg1.png",12,6,,,6
tonberi_h,"ev_tonberi_h1.png, ev_tonberi_h2.png, ev_tonberi_h3.png, ev_tonberi_h4.png",4,,,,
tora_h,"ev_tora_h1.png, ev_tora_h2.png, ev_tora_h3.png, ev_tora_h4.png, ev_tora_ct01.png, ev_tora_ct02.png, ev_tora_ct03.png, ev_tora_ct04.png",8,,,,
traptemis_st,"ev_traptemis_st01.png, ev_traptemis_st02.png, ev_traptemis_st03.png, ev_traptemis_st04.png",4,,,,
trickfairy_h,"ev_trickfairy_h1.png, ev_trickfairy_h2.png, ev_trickfairy_h3.png, ev_trickfairy_h4.png",4,,,,
trilobite_h,"ev_trilobite_h01.png, ev_trilobite_h02.png, ev_trilobite_h03.png, ev_trilobite_h04.png, ev_trilobite_h05.png, ev_trilobite_h06.png, ev_trilobite_h07.png, ev_trilobite_h08.png, ev_trilobite_h09.png, ev_trilobite_h10.png",10,,,,
trinity_ha,"ev_trinity_ha1.png, ev_trinity_ha2.png, ev_trinity_ha3.png, ev_trinity_ha4.png, ev_trinity_ha5.png, ev_trinity_ha6.png, ev_trinity_ct01.png, ev_trinity_ct02.png, ev_trinity_ct03.png, ev_trinity_ct04.png, ev_trinity_ct05.png, ev_trinity_ct06.png, ev_trinity_ct07.png, ev_trinity_ct08.png",14,,,,
trinity_hb,"ev_trinity_hb1.png, ev_trinity_hb2.png, ev_trinity_hb3.png, ev_trinity_hb4.png, ev_trinity_hb5.png, ev_trinity_hb6.png, ev_trinity_hb7.png, ev_trinity_hb8.png, ev_trinity_hb9.png",9,,,,
trooperloid_ct,"ev_trooperloid_ct11.png, ev_trooperloid_ct12.png",2,,,,
trooperloid_ct2,"ev_trooperloid_ct21.png, ev_trooperloid_ct22.png, ev_trooperloid_ct23.png, ev_trooperloid_ct24.png, ev_trooperloid_ct25.png, ev_trooperloid_ct26.png",6,,,,
trooperloid_ha,"ev_trooperloid_ha01.png, ev_trooperloid_ha02.png, ev_trooperloid_ha03.png, ev_trooperloid_ha04.png, ev_trooperloid_ha05.png, ev_trooperloid_ha06.png, ev_trooperloid_ha07.png, ev_trooperloid_ha08.png, ev_trooperloid_ha09.png, ev_trooperloid_ha10.png, ev_trooperloid_ha11.png, ev_trooperloid_ha12.png, ev_trooperloid_ha13.png, ev_trooperloid_ha14.png, ev_trooperloid_ha15.png, ev_trooperloid_ha16.png, ev_trooperloid_ha17.png, ev_trooperloid_ha18.png, ev_trooperloid_ha19.png, ev_trooperloid_ha20.png, ev_trooperloid_ha21.png, ev_trooperloid_ha22.png, ev_trooperloid_ha23.png, ev_trooperloid_ha24.png, ev_trooperloid_ha25.png, ev_trooperloid_ha26.png, ev_trooperloid_ha27.png, ev_trooperloid_ha28.png, ev_trooperloid_ha29.png, ev_trooperloid_ha30.png, ev_trooperloid_ha31.png, ev_trooperloid_ha32.png, ev_trooperloid_ha33.png, ev_trooperloid_ha34.png, ev_trooperloid_ha35.png, ev_trooperloid_ha36.png, ev_trooperloid_ha37.png, ev_trooperloid_ha38.png, ev_trooperloid_ha39.png",39,,,,
trooperloid_hb,"ev_trooperloid_hb01.png, ev_trooperloid_hb02.png, ev_trooperloid_hb03.png, ev_trooperloid_hb04.png, ev_trooperloid_hb05.png, ev_trooperloid_hb06.png, ev_trooperloid_hb07.png, ev_trooperloid_hb08.png, ev_trooperloid_hb09.png, ev_trooperloid_hb10.png, ev_trooperloid_hb11.png, ev_trooperloid_hb12.png, ev_trooperloid_hb13.png, ev_trooperloid_hb14.png, ev_trooperloid_hb15.png, ev_trooperloid_hb16.png, ev_trooperloid_hb17.png, ev_trooperloid_hb18.png, ev_trooperloid_hb19.png, ev_trooperloid_hb20.png, ev_trooperloid_hb21.png, ev_trooperloid_hb22.png, ev_trooperloid_hb23.png, ev_trooperloid_hb24.png, ev_trooperloid_hb25.png, ev_trooperloid_hb26.png, ev_trooperloid_hb27.png, ev_trooperloid_hb28.png, ev_trooperloid_hb29.png, ev_trooperloid_hb30.png, ev_trooperloid_hb31.png, ev_trooperloid_hb32.png",32,,,,
TT_ha,"ev_TT_ha1.png, ev_TT_ha2.png, ev_TT_ha3.png, ev_TT_ha4.png",4,,,,
TT_hb,"ev_TT_hb1.png, ev_TT_hb2.png, ev_TT_hb3.png, ev_TT_hb4.png, ev_TT_hb5.png",5,,,,
tukumokomati_h,"ev_tukumokomati_h01.png, ev_tukumokomati_h02.png, ev_tukumokomati_h03.png, ev_tukumokomati_h04.png, ev_tukumokomati_h05.png, ev_tukumokomati_h06.png, ev_tukumokomati_h07.png, ev_tukumokomati_h08.png, ev_tukumokomati_h09.png, ev_tukumokomati_h10.png",10,,,,
tukuyomi_h,"ev_tukuyomi_h1.png, ev_tukuyomi_h2.png, ev_tukuyomi_h3.png, ev_tukuyomi_h4.png",4,,,,
tutigumo_ct,"ev_tutigumo_ct01.png, ev_tutigumo_ct02.png, ev_tutigumo_ct03.png, ev_tutigumo_ct04.png",4,,,,
tutigumo_ct1,"ev_tutigumo_ct11.png, ev_tutigumo_ct12.png, ev_tutigumo_ct13.png",3,,,,
tutigumo_ct2,"ev_tutigumo_ct21.png, ev_tutigumo_ct22.png, ev_tutigumo_ct23.png, ev_tutigumo_ct24.png, ev_tutigumo_ct25.png",5,,,,
tutigumo_h,"ev_tutigumo_h1.png, ev_tutigumo_h2.png, ev_tutigumo_h3.png, ev_tutigumo_h4.png, ev_tutigumo_h5.png, ev_tutigumo_h6.png, ev_tutigumo_h7.png, ev_tutigumo_h8.png, ev_tutigumo_h9.png",9,,,,
twinkel_ha,"ev_twinkel_ha01.png, ev_twinkel_ha02.png, ev_twinkel_ha03.png, ev_twinkel_ha04.png, ev_twinkel_ha05.png, ev_twinkel_ha06.png, ev_twinkel_ha07.png, ev_twinkel_ha08.png, ev_twinkel_ha09.png, ev_twinkel_ha10.png, ev_twinkel_ha11.png, ev_twinkel_ha12.png, ev_twinkel_ha13.png, ev_twinkel_ha14.png, ev_twinkel_ha15.png, ev_twinkel_ha16.png, ev_twinkel_ha17.png",17,,,,
typhon_h,"ev_typhon_h1.png, ev_typhon_h2.png, ev_typhon_h3.png, ev_typhon_h4.png, ev_typhon_h5.png, ev_typhon_h6.png, ev_typhon_h7.png",7,,,,
u_scylla_h,"ev_u_scylla_h01.png, ev_u_scylla_h02.png, ev_u_scylla_h03.png, ev_u_scylla_h04.png, ev_u_scylla_h05.png, ev_u_scylla_h06.png, ev_u_scylla_h07.png, ev_u_scylla_h08.png, ev_u_scylla_h09.png, ev_u_scylla_h10.png, ev_u_scylla_h11.png, ev_u_scylla_h12.png, ev_u_scylla_h13.png, ev_u_scylla_h14.png, ev_u_scylla_h15.png, ev_u_scylla_h16.png, ev_u_scylla_h17.png",17,,,,
umiusi_k_h,"ev_umiusi_k_h1.png, ev_umiusi_k_h2.png, ev_umiusi_k_h3.png, ev_umiusi_k_h4.png",4,,,,
umiusi_k_hb,"ev_umiusi_k_hb1.png, ev_umiusi_k_hb2.png, ev_umiusi_k_hb3.png, ev_umiusi_k_hb4.png",4,,,,
undine_ha,"ev_undine_ha1.png, ev_undine_ha2.png, ev_undine_ha3.png, ev_undine_ct01.png, ev_undine_ct02.png, ev_undine_ct03.png",6,,,,
undine_hb,"ev_undine_hb1.png, ev_undine_hb2.png, ev_undine_hb3.png, ev_undine_hb4.png, ev_undine_ct11.png, ev_undine_ct12.png, ev_undine_ct13.png",7,0,,,
unknown1_h,"ev_unknown1_h1.png, ev_unknown1_h2.png, ev_unknown1_h3.png, ev_unknown1_h4.png, ev_unknown1_h5.png, ev_unknown1_h6.png, ev_unknown1_h7.png, ev_unknown1_h8.png",8,,,,
unknown2_h,"ev_unknown2_h1.png, ev_unknown2_h2.png, ev_unknown2_h3.png, ev_unknown2_h4.png, ev_unknown2_h5.png, ev_unknown2_h6.png, ev_unknown2_h7.png, ev_unknown2_h8.png, ev_unknown2_h9.png",9,,,,
unknown3_h,"ev_unknown3_h1.png, ev_unknown3_h2.png, ev_unknown3_h3.png, ev_unknown3_h4.png, ev_unknown3_h5.png, ev_unknown3_h6.png, ev_unknown3_h7.png, ev_unknown3_h8.png, ev_unknown3_h9.png",9,,,,
unknown4_h,"ev_unknown4_h01.png, ev_unknown4_h02.png, ev_unknown4_h03.png, ev_unknown4_h04.png, ev_unknown4_h05.png, ev_unknown4_h06.png, ev_unknown4_h07.png, ev_unknown4_h08.png, ev_unknown4_h09.png, ev_unknown4_h10.png",10,,,,
unknown5_h,"ev_unknown5_h1.png, ev_unknown5_h2.png, ev_unknown5_h3.png, ev_unknown5_h4.png, ev_unknown5_h5.png, ev_unknown5_h6.png",6,,,,
uranus_h,"ev_uranus_h1.png, ev_uranus_h2.png, ev_uranus_h3.png, ev_uranus_h4.png",4,,,,
uriera_h,"ev_uriera_h01.png, ev_uriera_h02.png, ev_uriera_h03.png, ev_uriera_h04.png, ev_uriera_h05.png, ev_uriera_h06.png, ev_uriera_h07.png, ev_uriera_h08.png, ev_uriera_h09.png, ev_uriera_h10.png",10,,,,
usagi_ha,"ev_usagi_ha1.png, ev_usagi_ha2.png, ev_usagi_ha3.png, ev_usagi_ha4.png",4,,,,
usagi_hb,"ev_usagi_hb1.png, ev_usagi_hb2.png, ev_usagi_hb3.png, ev_usagi_hb4.png, ev_usagi_hb5.png, ev_usagi_hb6.png, ev_usagi_hb7.png, ev_usagi_hb8.png",8,,,,
usagi_hc,"ev_usagi_hc1.png, ev_usagi_hc2.png, ev_usagi_hc3.png, ev_usagi_hc4.png, ev_usagi_hc5.png, ev_usagi_hc6.png, ev_usagi_hc7.png",7,,,,
ustrel_h,"ev_ustrel_h1.png, ev_ustrel_h2.png, ev_ustrel_h3.png, ev_ustrel_h4.png, ev_ustrel_h5.png, ev_ustrel_h6.png, ev_ustrel_h7.png",7,,,,
utubo_h,"ev_utubo_h1.png, ev_utubo_h2.png, ev_utubo_h3.png, ev_utubo_h4.png, ev_utubo_h5.png, ev_utubo_h6.png, ev_utubo_h7.png, ev_utubo_h8.png",8,,,,
utubom_h,"ev_utubom_h1.png, ev_utubom_h2.png, ev_utubom_h3.png, ev_utubom_h4.png, ev_utubom_h5.png",5,,,,
valkyrie_ha,"ev_valkyrie_ha1.png, ev_valkyrie_ha2.png, ev_valkyrie_ha3.png, ev_valkyrie_ha4.png, ev_valkyrie_ha5.png, ev_valkyrie_ha6.png, ev_valkyrie_ha7.png, ev_valkyrie_ha8.png",8,,,,
valkyrie_hb,"ev_valkyrie_hb1.png, ev_valkyrie_hb2.png, ev_valkyrie_hb3.png, ev_valkyrie_hb4.png, ev_valkyrie_hb5.png, ev_valkyrie_hb6.png, ev_valkyrie_hb7.png",7,,,,
valkyrie_hc,"ev_valkyrie_hc1.png",1,,,,
valt_ha,"ev_valt_ha01.png, ev_valt_ha02.png, ev_valt_ha03.png, ev_valt_ha04.png, ev_valt_ha05.png, ev_valt_ha06.png, ev_valt_ha07.png, ev_valt_ha08.png, ev_valt_ha09.png, ev_valt_ha10.png, ev_valt_ha11.png, ev_valt_ha12.png, ev_valt_ha13.png, ev_valt_ha14.png, ev_valt_ha15.png, ev_valt_ha16.png, ev_valt_ha17.png, ev_valt_ha18.png, ev_valt_ha19.png, ev_valt_ha20.png, ev_valt_ha21.png, ev_valt_ha22.png, ev_valt_ha23.png, ev_valt_ha24.png, ev_valt_ha25.png, ev_valt_ha26.png, ev_valt_ha27.png, ev_valt_ha28.png",28,,,,
valt_hb,"ev_valt_hb01.png, ev_valt_hb02.png, ev_valt_hb03.png, ev_valt_hb04.png, ev_valt_hb05.png, ev_valt_hb06.png, ev_valt_hb07.png, ev_valt_hb08.png, ev_valt_hb09.png, ev_valt_hb10.png, ev_valt_hb11.png, ev_valt_hb12.png, ev_valt_hb13.png, ev_valt_hb14.png, ev_valt_hb15.png, ev_valt_hb16.png, ev_valt_hb17.png, ev_valt_hb18.png, ev_valt_hb19.png, ev_valt_hb20.png, ev_valt_hb21.png, ev_valt_hb22.png, ev_valt_hb23.png",23,,,,
vampire_h,"ev_vampire_h1.png, ev_vampire_h2.png, ev_vampire_h3.png, ev_vampire_h4.png",4,,,,
vellraune_ha,"ev_vellraune_ha01.png, ev_vellraune_ha02.png",2,,,,
vellraune_hc,"ev_vellraune_hc1.png, ev_vellraune_hc2.png, ev_vellraune_hc3.png, ev_vellraune_hc4.png, ev_vellraune_hc5.png",5,,,,
vendetta_ha,"ev_vendetta_ha1.png, ev_vendetta_ha2.png, ev_vendetta_ha3.png, ev_vendetta_ha4.png, ev_vendetta_ha5.png",5,,,,
vendetta_hb,"ev_vendetta_hb1.png, ev_vendetta_hb2.png, ev_vendetta_hb3.png, ev_vendetta_hb4.png, ev_vendetta_hb5.png",5,,,,
vetala_ha,"ev_vetala_ha01.png, ev_vetala_ha02.png, ev_vetala_ha03.png, ev_vetala_ha04.png, ev_vetala_ha05.png, ev_vetala_ha06.png, ev_vetala_ha07.png, ev_vetala_ha08.png, ev_vetala_ha09.png, ev_vetala_ha10.png, ev_vetala_ha11.png, ev_vetala_ha12.png, ev_vetala_ha13.png, ev_vetala_ha14.png, ev_vetala_ha15.png, ev_vetala_ha16.png",16,,,,
vetala_hc,"ev_vetala_hc01.png, ev_vetala_hc02.png, ev_vetala_hc03.png, ev_vetala_hc04.png, ev_vetala_hc05.png, ev_vetala_hc06.png, ev_vetala_hc07.png, ev_vetala_hc08.png, ev_vetala_hc09.png, ev_vetala_hc10.png, ev_vetala_hc11.png, ev_vetala_hc12.png, ev_vetala_hc13.png, ev_vetala_hc14.png, ev_vetala_hc15.png, ev_vetala_hc16.png, ev_vetala_hc17.png, ev_vetala_hc18.png, ev_vetala_hc19.png, ev_vetala_hc20.png, ev_vetala_hc21.png, ev_vetala_hc22.png, ev_vetala_hc23.png, ev_vetala_hc24.png, ev_vetala_hc25.png, ev_vetala_hc26.png",26,,,,
vgirl_ct,"ev_vgirl_ct01.png, ev_vgirl_ct02.png, ev_vgirl_ct03.png, ev_vgirl_ct04.png, ev_vgirl_ct05.png, ev_vgirl_ct06.png",6,,,,
vgirl_h,"ev_vgirl_h1.png, ev_vgirl_h2.png, ev_vgirl_h3.png, ev_vgirl_h4.png",4,,,,
vgirl_hc,"ev_vgirl_hc01.png, ev_vgirl_hc02.png, ev_vgirl_hc03.png, ev_vgirl_hc04.png, ev_vgirl_hc05.png, ev_vgirl_hc06.png, ev_vgirl_hc07.png, ev_vgirl_hc08.png, ev_vgirl_hc09.png, ev_vgirl_hc10.png",10,,,,
vgirl_hf,"ev_vgirl_hf1.png, ev_vgirl_hf2.png, ev_vgirl_hf3.png",3,,,,
vgirl_hg,"ev_vgirl_hg1.png, ev_vgirl_hg2.png, ev_vgirl_hg3.png, ev_vgirl_hg4.png, ev_vgirl_hg5.png",5,,,,
vinum_h,"ev_vinum_h1.png, ev_vinum_h2.png, ev_vinum_h3.png, ev_vinum_h4.png, ev_vinum_h5.png, ev_vinum_h6.png, ev_vinum_h7.png",7,,,,
vinum_hb,"ev_vinum_hb0.png, ev_vinum_hb1.png, ev_vinum_hb2.png, ev_vinum_hb3.png, ev_vinum_hb4.png, ev_vinum_hb5.png, ev_vinum_hb6.png, ev_vinum_hb7.png",8,,,,
vinum_hc,"ev_vinum_hc1.png, ev_vinum_hc2.png, ev_vinum_hc3.png, ev_vinum_hc4.png, ev_vinum_hc5.png, ev_vinum_hc6.png",6,,,,
vitae_ct,"ev_vitae_ct01.png, ev_vitae_ct02.png, ev_vitae_ct03.png, ev_vitae_ct04.png, ev_vitae_ct05.png, ev_vitae_ct06.png",6,,,,
vitae_ct2,"ev_vitae_ct11.png, ev_vitae_ct12.png, ev_vitae_ct13.png, ev_vitae_ct14.png, ev_vitae_ct15.png",5,,,,
vitae_h,"ev_vitae_h01.png, ev_vitae_h02.png, ev_vitae_h03.png, ev_vitae_h04.png, ev_vitae_h05.png, ev_vitae_h06.png, ev_vitae_h07.png, ev_vitae_h08.png, ev_vitae_h09.png, ev_vitae_h10.png, ev_vitae_h11.png, ev_vitae_h12.png, ev_vitae_h13.png",13,,,,
voremermaid_ha,"ev_voremermaid_ha1.png, ev_voremermaid_ha2.png, ev_voremermaid_ha3.png, ev_voremermaid_ha4.png",4,,,,
voremermaid_hb,"ev_voremermaid_hb1.png, ev_voremermaid_hb2.png, ev_voremermaid_hb3.png, ev_voremermaid_hb4.png",4,,,,
vouivre_ha,"ev_vouivre_ha1.png, ev_vouivre_ha2.png, ev_vouivre_ha3.png, ev_vouivre_ha4.png, ev_vouivre_ha5.png, ev_vouivre_ha6.png",6,,,,
vouivre_hb,"ev_vouivre_hb1.png, ev_vouivre_hb2.png, ev_vouivre_hb3.png, ev_vouivre_hb4.png, ev_vouivre_hb5.png, ev_vouivre_hb6.png",6,,,,
w_hapy_h,"ev_w_hapy_h1.png, ev_w_hapy_h2.png, ev_w_hapy_h3.png, ev_w_hapy_h4.png, ev_w_hapy_h5.png, ev_w_hapy_h6.png",6,,,,
w_hapy_ha,"ev_w_hapy_ha1.png, ev_w_hapy_ha2.png",2,,,,
wakame_h,"ev_wakame_h1.png, ev_wakame_h2.png, ev_wakame_h3.png, ev_wakame_h4.png",4,,,,
wakame_hb,"ev_wakame_hb1.png, ev_wakame_hb2.png, ev_wakame_hb3.png",3,,,,
wakame_hc,"ev_wakame_hc1.png, ev_wakame_hc2.png, ev_wakame_hc3.png",3,,,,
walraune_h,"ev_walraune_h1.png, ev_walraune_h2.png, ev_walraune_h3.png, ev_walraune_h4.png",4,,,,
wani_h,"ev_wani_h01.png, ev_wani_h02.png, ev_wani_h03.png, ev_wani_h04.png, ev_wani_h05.png, ev_wani_h06.png, ev_wani_h07.png, ev_wani_h08.png, ev_wani_h09.png, ev_wani_h10.png, ev_wani_h11.png, ev_wani_h12.png",12,,,,
warmer_ha,"ev_warmer_ha1.png, ev_warmer_ha2.png, ev_warmer_ha3.png",3,,,,
warmer_hb,"ev_warmer_hb1.png, ev_warmer_hb2.png, ev_warmer_hb3.png, ev_warmer_hb4.png, ev_warmer_hb5.png, ev_warmer_hb6.png, ev_warmer_hb7.png, ev_warmer_hb8.png, ev_warmer_hb9.png",9,,,,
whiteyel_h,"ev_whiteyel_h1.png, ev_whiteyel_h2.png, ev_whiteyel_h3.png, ev_whiteyel_h4.png",4,,,,
witchs_ha,"ev_witchs_ha01.png, ev_witchs_ha02.png, ev_witchs_ha03.png, ev_witchs_ha04.png, ev_witchs_ha05.png, ev_witchs_ha06.png, ev_witchs_ha07.png, ev_witchs_ha08.png, ev_witchs_ha09.png, ev_witchs_ha10.png",10,,,,
witchs_hb,"ev_witchs_hb1.png, ev_witchs_hb2.png, ev_witchs_hb3.png, ev_witchs_hb4.png, ev_witchs_hb5.png",5,,,,
witchs_hc,"ev_witchs_hc1.png, ev_witchs_hc2.png, ev_witchs_hc3.png, ev_witchs_hc4.png, ev_witchs_ct01.png, ev_witchs_ct02.png, ev_witchs_ct03.png, ev_witchs_ct04.png",8,,,,
witchs_hd,"ev_witchs_hd1.png, ev_witchs_hd2.png, ev_witchs_hd3.png, ev_witchs_hd4.png, ev_witchs_hd5.png, ev_witchs_hd6.png",6,,,,
witchs_he,"ev_witchs_he1.png, ev_witchs_he2.png, ev_witchs_he3.png, ev_witchs_he4.png, ev_witchs_he5.png, ev_witchs_ct11.png, ev_witchs_ct12.png",7,,,,
witchs_hf,"ev_witchs_hf1.png, ev_witchs_hf2.png, ev_witchs_hf3.png",3,3,,,3
witchs_hg,"ev_witchs_hg1.png, ev_witchs_hg2.png, ev_witchs_hg3.png, ev_witchs_ct21.png, ev_witchs_ct22.png, ev_witchs_ct23.png, ev_witchs_ct24.png",7,,,,
witchs_hh,"ev_witchs_hh1.png, ev_witchs_hh2.png, ev_witchs_hh3.png, ev_witchs_hh4.png",4,,,,
witchs_hi,"ev_witchs_hi1.png, ev_witchs_hi2.png, ev_witchs_hi3.png, ev_witchs_hi4.png",4,,,,
witchs_hj,"ev_witchs_hj1.png, ev_witchs_hj2.png, ev_witchs_hj3.png",3,,,,
witchs_hk,"ev_witchs_hk1.png, ev_witchs_hk2.png, ev_witchs_hk3.png",3,,,,
witchs2_ha,"ev_witchs2_ha0.png, ev_witchs2_ha1.png, ev_witchs2_ha2.png, ev_witchs2_ha3.png, ev_witchs2_ha4.png, ev_witchs2_ha5.png",6,,,,
witchs2_hb,"ev_witchs2_hb0.png, ev_witchs2_hb1.png, ev_witchs2_hb2.png, ev_witchs2_hb3.png, ev_witchs2_hb4.png, ev_witchs2_hb5.png",6,,,,
worlddrown_h,"ev_worlddrown_h1.png, ev_worlddrown_h2.png, ev_worlddrown_h3.png, ev_worlddrown_h4.png, ev_worlddrown_h5.png, ev_worlddrown_h6.png",6,,,,
wormiel_ha,"ev_wormiel_ha01.png, ev_wormiel_ha02.png, ev_wormiel_ha03.png, ev_wormiel_ha04.png, ev_wormiel_ha05.png, ev_wormiel_ha06.png, ev_wormiel_ha07.png, ev_wormiel_ha08.png, ev_wormiel_ha09.png, ev_wormiel_ha10.png",10,,,,
wormiel_hb,"ev_wormiel_hb1.png, ev_wormiel_hb2.png, ev_wormiel_hb3.png, ev_wormiel_hb4.png, ev_wormiel_hb5.png, ev_wormiel_hb6.png, ev_wormiel_hb7.png, ev_wormiel_hb8.png, ev_wormiel_ct01.png, ev_wormiel_ct02.png, ev_wormiel_ct03.png, ev_wormiel_ct04.png, ev_wormiel_ct05.png, ev_wormiel_ct06.png",14,,,,
wormv_h,"ev_wormv_h1.png, ev_wormv_h2.png, ev_wormv_h3.png, ev_wormv_h4.png, ev_wormv_h5.png, ev_wormv_h6.png, ev_wormv_h7.png, ev_wormv_h8.png, ev_wormv_h9.png",9,,,,
wyvern_ct,"ev_wyvern_ct01.png, ev_wyvern_ct02.png, ev_wyvern_ct03.png, ev_wyvern_ct04.png",4,,,,
XX-7_ha,"ev_XX-7_ha1.png, ev_XX-7_ha2.png, ev_XX-7_ha3.png, ev_XX-7_ha4.png, ev_XX-7_ct01.png, ev_XX-7_ct02.png, ev_XX-7_ct03.png, ev_XX-7_ct04.png",8,,,,
XX-7_hb,"ev_XX-7_hb1.png, ev_XX-7_hb2.png, ev_XX-7_hb3.png, ev_XX-7_hb4.png, ev_XX-7_hb5.png",5,,,,
yamatanooroti_h,"ev_yamatanooroti_h01.png, ev_yamatanooroti_h02.png, ev_yamatanooroti_h03.png, ev_yamatanooroti_h04.png, ev_yamatanooroti_h05.png, ev_yamatanooroti_h06.png, ev_yamatanooroti_h07.png, ev_yamatanooroti_h08.png, ev_yamatanooroti_h09.png, ev_yamatanooroti_h10.png, ev_yamatanooroti_h11.png",11,,,,
yamatanooroti_hb,"ev_yamatanooroti_hb1.png, ev_yamatanooroti_hb2.png",2,,,,
yomotu_h,"ev_yomotu_h1.png, ev_yomotu_h2.png, ev_yomotu_h3.png",3,,,,
yougan_h,"ev_yougan_h1.png, ev_yougan_h2.png, ev_yougan_h3.png, ev_yougan_h4.png, ev_yougan_h5.png, ev_yougan_h6.png",6,,,,
youki_ha,"ev_youki_ha1.png, ev_youki_ha2.png, ev_youki_ha3.png, ev_youki_ha4.png",4,,,,
youki_hb,"ev_youki_hb1.png, ev_youki_hb2.png, ev_youki_hb3.png, ev_youki_hb4.png, ev_youki_hb5.png, ev_youki_hb6.png",6,,,,
youki_hc,"ev_youki_hc1.png, ev_youki_hc2.png, ev_youki_hc3.png",3,,,,
youki_hd,"ev_youki_hd1.png, ev_youki_hd2.png, ev_youki_hd3.png",3,,,,
youko_ct,"ev_youko_ct01.png, ev_youko_ct02.png, ev_youko_ct03.png, ev_youko_ct04.png",4,,,,
youko_h,"ev_youko_h1.png, ev_youko_h2.png, ev_youko_h3.png, ev_youko_h4.png",4,,,,
youkosan_h,"ev_youkosan_h1.png, ev_youkosan_h2.png, ev_youkosan_h3.png, ev_youkosan_h4.png",4,,,,
yukionna_h,"ev_yukionna_h1.png, ev_yukionna_h2.png, ev_yukionna_h3.png, ev_yukionna_h4.png, ev_yukionna_h5.png, ev_yukionna_h6.png",6,,,,
yukionna_hb,"ev_yukionna_hb1.png, ev_yukionna_ct01.png, ev_yukionna_ct02.png, ev_yukionna_ct03.png, ev_yukionna_ct04.png",5,,,,
yuriel_ha,"ev_yuriel_ha1.png, ev_yuriel_ha2.png, ev_yuriel_ha3.png, ev_yuriel_ha4.png",4,1,,,1
yuriel_hb,"ev_yuriel_hb1.png, ev_yuriel_hb2.png, ev_yuriel_hb3.png, ev_yuriel_hb4.png",4,,,,
zenki_h,"ev_zenki_h1.png, ev_zenki_h2.png, ev_zenki_h3.png, ev_zenki_h4.png, ev_zenki_h5.png, ev_zenki_h6.png, ev_zenki_h7.png, ev_zenki_h8.png, ev_zenki_h9.png",9,,,,
zigen_boss_ha,"ev_zigen_boss_ha1.png, ev_zigen_boss_ha2.png, ev_zigen_boss_ha3.png, ev_zigen_boss_ha4.png, ev_zigen_boss_ha5.png, ev_zigen_boss_ha6.png",6,,,,
zigen_kenzoku_ha,"ev_zigen_kenzoku_ha1.png, ev_zigen_kenzoku_ha2.png, ev_zigen_kenzoku_ha3.png, ev_zigen_kenzoku_ha4.png, ev_zigen_kenzoku_ha5.png, ev_zigen_kenzoku_ha6.png",6,,,,
zigen_kenzoku_hb,"ev_zigen_kenzoku_hb1.png, ev_zigen_kenzoku_hb2.png, ev_zigen_kenzoku_hb3.png, ev_zigen_kenzoku_hb4.png, ev_zigen_kenzoku_hb5.png, ev_zigen_kenzoku_hb6.png, ev_zigen_kenzoku_hb7.png",7,,,,
zigen_kenzoku2_h,"ev_zigen_kenzoku2_h1.png, ev_zigen_kenzoku2_h2.png, ev_zigen_kenzoku2_h3.png, ev_zigen_kenzoku2_h4.png, ev_zigen_kenzoku2_h5.png, ev_zigen_kenzoku2_h6.png, ev_zigen_kenzoku2_h7.png",7,,,,
zinitauros_h,"ev_zinitauros_h1.png, ev_zinitauros_h2.png, ev_zinitauros_h3.png, ev_zinitauros_h4.png, ev_zinitauros_h5.png, ev_zinitauros_h6.png",6,,,,
zoloct_ha,"ev_zoloct_h1.png, ev_zoloct_ha1.png, ev_zoloct_ha2.png, ev_zoloct_ha3.png, ev_zoloct_ha4.png, ev_zoloct_ha5.png, ev_zoloct_ha6.png, ev_zoloct_ha7.png, ev_zoloct_ha8.png, ev_zoloct_ha9.png",10,,,,
zoloct_hc,"ev_zoloct_h1.png, ev_zoloct_hc1.png, ev_zoloct_hc2.png, ev_zoloct_hc3.png, ev_zoloct_hc4.png, ev_zoloct_hc5.png, ev_zoloct_hc6.png, ev_zoloct_hc7.png, ev_zoloct_hc8.png, ev_zoloct_hb1.png, ev_zoloct_hb2.png, ev_zoloct_hb3.png, ev_zoloct_hb4.png",13,,,,
zoloct_hd,"ev_zoloct_h1.png, ev_zoloct_hd1.png, ev_zoloct_hd2.png, ev_zoloct_hd3.png, ev_zoloct_hd4.png, ev_zoloct_hd5.png, ev_zoloct_ct01.png, ev_zoloct_ct02.png, ev_zoloct_ct03.png, ev_zoloct_ct04.png, ev_zoloct_ct05.png, ev_zoloct_ct06.png, ev_zoloct_ct07.png, ev_zoloct_ct08.png, ev_zoloct_ct09.png, ev_zoloct_ct10.png, ev_zoloct_ct11.png, ev_zoloct_ct12.png, ev_zoloct_ct13.png",19,,,,
zonbe_h,"ev_zonbe_h0.png, ev_zonbe_h1.png, ev_zonbe_h2.png, ev_zonbe_h3.png, ev_zonbe_h4.png",5,,,,
zonbes_h,"ev_zonbes_h1.png, ev_zonbes_h2.png, ev_zonbes_h3.png, ev_zonbes_h4.png, ev_zonbes_h5.png, ev_zonbes_h6.png, ev_zonbes_h7.png",7,0,,,
zyakotuonna_h,"ev_zyakotuonna_h1.png, ev_zyakotuonna_h2.png, ev_zyakotuonna_h3.png, ev_zyakotuonna_h4.png, ev_zyakotuonna_h5.png",5,,,,
zylphe_h,"ev_zylphe_h01.png, ev_zylphe_h02.png, ev_zylphe_h03.png, ev_zylphe_h04.png, ev_zylphe_h05.png",5,,,,
zylphe_h2,"ev_zylphe_h06.png, ev_zylphe_h07.png, ev_zylphe_h08.png, ev_zylphe_h09.png, ev_zylphe_h10.png, ev_zylphe_h11.png",6,,,,
zyoutanuki_hb,"ev_zyoutanuki_hb1.png, ev_zyoutanuki_hb2.png, ev_zyoutanuki_hb3.png, ev_zyoutanuki_ct11.png, ev_zyoutanuki_ct12.png",5,,,,
